 	com
nih	0.0
inra	0.0
nlm	0.0
affrc	0.0
merr	0.00994
edu	0.01701
zhang	0.10205
lam	0.2222
walp	0.2344
gov	0.375
heynh	0.4133
com	0.4353
nobl	0.4531
luteu	0.52
riken	0.56
sci	0.6147
subsp	0.6387
php	0.722
zucc	0.7275
tomentella	0.76
glyma	0.78
spp	0.8364
org	0.86
var	0.9062
kr	1.111
jp	1.13
regel	1.167
cv	1.399
latifolia	1.422
gaertn	1.424
doi	1.4375
wang	1.444
http	1.531
phvul	1.547
journal	1.56
a2	1.579
larsen	1.625
approx	1.667
url	1.6875
nigra	1.694
html	1.741
physiol	1.889
chinensi	1.9375
jacq	2.0
netcommon	2.0
sieb	2.047
sp	2.139
www	2.182
ec	2.209
wilczek	2.223
phaseoli	2.25
hu	2.334
medicago_sativa	2.355
missouri	2.36
yu	2.367
arboreum	2.371
author	2.383
v1	2.496
dc	2.518
falcata	2.52
repen	2.527
indica	2.537
albu	2.562
merril	2.564
et	2.57
hirsutum	2.639
chen	2.666
syd	2.68
barbadens	2.691
radiata	2.72
abstractsoybean	2.752
copyright	2.777
viz	2.793
liu	2.8
pratens	2.82
john	2.834
willd	2.84
soja	2.873
culinari	2.875
ver	2.916
tang	2.918
hypogaea	2.932
github	2.951
vs	3.01
cs	3.072
societi	3.107
son	3.15
wiley	3.15
unfortun	3.184
arabinosyl	3.2
inc	3.223
unguiculata	3.236
sinensi	3.248
kazusa	3.307
worldwid	3.33
objetivo	3.334
vigna	3.342
lib	3.371
css	3.375
likewis	3.387
syn	3.416
sclerotiorum	3.418
cn	3.424
os	3.469
reticulatum	3.469
psb	3.48
annual	3.486
roseu	3.5
linn	3.5
provok	3.516
siebold	3.555
sapien	3.555
amp	3.574
trifolium	3.578
ssp	3.582
cam	3.594
medik	3.64
al	3.654
moench	3.666
spontaneum	3.666
peanutbas	3.666
specialti	3.688
duranensi	3.695
lyrata	3.703
howev	3.709
fifteen	3.713
subspeci	3.73
bari	3.74
visibl	3.742
fig	3.75
unlik	3.783
exclud	3.785
seriou	3.805
interestingli	3.812
nat	3.816
chr	3.826
glycinemax	3.834
japonica	3.836
vu	3.852
clover	3.863
s1	3.875
qsw	3.88
gibberella	3.889
the	3.924
seca	3.938
que	3.938
coevolv	3.953
daili	3.975
ornament	3.988
home	4.0
sesamum	4.0
indicum	4.0
pme	4.016
pisum	4.023
gmgst	4.023
ax	4.035
and	4.08
often	4.08
twelv	4.082
am	4.082
cnv	4.094
no	4.098
abstract	4.105
unknown	4.11
preciou	4.11
phytozom	4.117
popular	4.117
vrn1	4.125
javanica	4.137
oleracea	4.15
twenti	4.164
intechopen	4.184
como	4.188
glycine_soja	4.19
is	4.195
exhibit	4.203
cleav	4.207
recogn	4.223
alfalfa	4.227
banana	4.227
finder	4.23
nh3	4.234
curca	4.24
saccharum	4.242
resultsth	4.254
threaten	4.26
mbp	4.277
canescen	4.28
xanthomona	4.29
veri	4.3
o3	4.305
gt	4.305
nineti	4.305
crk	4.312
lincrna	4.33
resultsal	4.332
conclusionw	4.336
ensembl	4.34
nd	4.36
phd	4.36
contain	4.363
pif4	4.37
call	4.38
max	4.39
via	4.4
angulari	4.41
easili	4.41
pav	4.414
ap	4.42
caus	4.42
nevertheless	4.42
seventeen	4.42
glycin	4.438
cryptochrom	4.453
len	4.457
medic	4.465
lupinus_angustifoliu	4.47
glycinea	4.473
pepc	4.477
thirteen	4.496
tocopherol	4.5
rpl4	4.5
typic	4.504
mutagen	4.51
are	4.52
wm82	4.52
fr	4.527
ipaensi	4.53
excess	4.535
in	4.543
arietinum	4.547
axonopodi	4.547
anticanc	4.555
nm	4.56
vigna_angulari	4.56
citri	4.56
furthermor	4.562
of	4.562
sativum	4.566
supplementari	4.57
stream	4.582
notabl	4.586
hydrolyz	4.586
unexplor	4.59
soil	4.605
remain	4.61
prr	4.613
subclass	4.62
freeli	4.625
hazard	4.625
were	4.63
phaseoloid	4.63
few	4.645
packag	4.652
name	4.656
toxic	4.656
potent	4.656
etc	4.66
meyer	4.668
digbio	4.668
mir408	4.68
far	4.68
se	4.684
carrot	4.69
commonli	4.695
inde	4.695
cancer	4.7
orphan	4.715
snf	4.72
unclear	4.723
web	4.723
purpl	4.727
white	4.742
possess	4.75
limit	4.754
sever	4.77
apart	4.773
chemic	4.773
unigen	4.773
sprout	4.777
clan	4.777
perl	4.777
resultsw	4.78
besid	4.78
ala	4.79
haploid	4.79
produc	4.79
perenni	4.793
convert	4.793
symptom	4.793
behaviour	4.797
nue	4.797
extrem	4.8
concomitantli	4.8
tran	4.81
oomycet	4.81
sesam	4.812
sclerotinia	4.812
pipelin	4.816
bsr	4.816
callu	4.82
eighteen	4.82
ac	4.83
identifi	4.836
yield	4.836
st	4.836
threat	4.836
compris	4.836
de	4.836
tall	4.836
form	4.836
mold	4.84
glucanas	4.848
vitamin	4.848
display	4.848
season	4.85
angustifoliu	4.855
also	4.86
by	4.863
sub	4.867
invertas	4.867
dmg	4.87
insuffici	4.87
eight	4.88
hit	4.883
soybean	4.887
linum	4.89
usitatissimum	4.89
highli	4.89
constrain	4.902
rav	4.902
mani	4.906
strictli	4.906
exceed	4.914
ten	4.914
eukaryot	4.914
weed	4.914
acbp	4.914
tianlong	4.918
raimondii	4.92
lt	4.92
lb	4.92
unstabl	4.92
translat	4.926
acquir	4.93
peptid	4.934
macrosynteni	4.934
virus	4.938
diesel	4.938
lupinu	4.94
qdrl	4.94
glycine_max	4.94
ltd	4.945
categor	4.95
nine	4.95
isol	4.95
mm	4.953
ppr	4.957
canopi	4.957
strong	4.957
moreov	4.96
ubiquit	4.96
protocol	4.965
wa	4.97
suffer	4.97
phytophthora	4.97
nanoparticl	4.973
have	4.973
pv	4.984
thirti	4.984
dwarf	4.99
themselv	4.992
ongo	4.996
had	5.0
shrub	5.0
decid	5.0
seven	5.0
kefeng	5.0
rot	5.004
silicon	5.008
harbor	5.01
empir	5.01
proton	5.016
discov	5.016
oxidas	5.02
protein	5.023
insect	5.023
attract	5.027
obscur	5.027
guar	5.027
snare	5.03
can	5.03
virguliform	5.03
idc	5.03
widespread	5.035
snap	5.035
an	5.035
five	5.04
satisfactori	5.04
pronounc	5.04
previous	5.04
to	5.043
figur	5.047
fn	5.062
allopolyploidi	5.066
firstli	5.07
depriv	5.07
sens	5.082
net	5.082
still	5.082
scarc	5.086
serious	5.086
glyphos	5.086
mostli	5.086
for	5.09
mirna	5.09
reproduc	5.09
sequenti	5.098
classifi	5.098
da	5.098
bnf	5.105
from	5.11
ls	5.11
numer	5.11
underestim	5.11
done	5.113
been	5.113
fit	5.113
with	5.117
cowpea	5.117
consider	5.117
leaflet	5.117
softwar	5.12
fingerprint	5.12
obtain	5.12
onlin	5.12
triterpenoid	5.12
plantlet	5.125
abstracta	5.125
legumefeder	5.125
constantli	5.13
intriguingli	5.13
c1	5.13
rare	5.13
soykb	5.133
genbank	5.137
ha	5.14
signific	5.14
merg	5.14
dataset	5.14
lupin	5.14
fourteen	5.145
pose	5.15
carri	5.152
band	5.152
ic	5.152
phytochem	5.152
pharmaceut	5.152
allergen	5.164
among	5.164
destruct	5.17
subfamili	5.18
intrigu	5.18
these	5.18
phytophthora_soja	5.18
meta	5.184
oilse	5.184
glomu	5.188
difficult	5.188
henc	5.188
class	5.19
iron	5.195
tabl	5.2
usual	5.203
controversi	5.203
synchron	5.207
fewer	5.207
requir	5.21
gst	5.21
therefor	5.215
abstractth	5.215
ribosom	5.215
they	5.215
file	5.22
snf2	5.22
raw	5.223
pepper	5.23
hsp20	5.23
employ	5.23
uniqu	5.24
race	5.242
or	5.242
fe	5.242
ndr1	5.25
extraordinarili	5.25
deliber	5.25
switch	5.25
affect	5.254
viabl	5.254
harvest	5.258
rapidli	5.258
phaseolus_vulgari	5.26
knockout	5.26
fast	5.266
predominantli	5.266
resist	5.27
augment	5.27
melatonin	5.277
em	5.277
cadmium	5.28
induc	5.28
group	5.285
subtyp	5.285
novel	5.285
becom	5.29
slight	5.29
against	5.29
rapese	5.293
c2	5.297
plant	5.3
neg	5.3
rboh	5.3
dc3000	5.305
glucosid	5.31
ray	5.31
it	5.31
li	5.31
final	5.312
nhx	5.312
fed	5.312
fungu	5.316
altern	5.32
pre	5.32
diseas	5.32
poorli	5.32
ga	5.324
weak	5.33
design	5.33
vulgari	5.33
incomplet	5.33
revers	5.332
paralogu	5.332
dramat	5.332
intersect	5.332
oligomer	5.332
irradi	5.332
pea	5.336
experiment	5.34
good	5.34
not	5.34
so	5.34
nl	5.34
tlp	5.344
brachypodium_distachyon	5.35
coli	5.35
warm	5.35
homolog	5.35
degener	5.355
known	5.36
gossypium_barbadens	5.36
coastal	5.36
extens	5.36
camellia	5.36
multigen	5.36
gm	5.363
pap	5.363
across	5.363
confer	5.367
into	5.367
sulfat	5.367
synthes	5.37
encount	5.37
vital	5.37
share	5.375
hemoglobin	5.375
separ	5.375
ncbi	5.38
cacao	5.38
micronutri	5.38
peanut	5.38
multipl	5.383
tetraploid	5.383
report	5.383
phenomenon	5.387
major	5.387
gene	5.395
dir	5.395
extract	5.395
three	5.395
whose	5.395
taxa	5.395
pathogen	5.4
product	5.4
as	5.402
blue	5.402
chromosom	5.402
cooper	5.406
uv	5.41
all	5.41
uniform	5.414
ms	5.414
temporarili	5.418
small	5.418
crop	5.418
cd	5.418
india	5.418
paramet	5.418
aluminum	5.418
huang	5.418
aa	5.42
surprisingli	5.42
encod	5.426
thu	5.426
liquiritigenin	5.43
ppo	5.43
four	5.434
prefer	5.434
yet	5.438
avr1d	5.438
primer	5.44
vertebr	5.44
feed	5.44
distinct	5.44
acacia	5.445
eu	5.445
more	5.445
apiacea	5.45
gossypium	5.453
mammalian	5.453
that	5.453
splice	5.457
option	5.46
sap	5.465
african	5.47
use	5.47
cannot	5.47
blast	5.47
ph	5.473
gmnpr1	5.473
py	5.473
local	5.473
when	5.473
bio	5.477
ecotyp	5.477
imag	5.48
probe	5.48
inject	5.48
domain	5.484
cluster	5.484
cotton	5.484
resultsa	5.484
detect	5.49
mungbean	5.49
understood	5.492
conclusionsa	5.492
tobacco	5.492
pri	5.492
multiplex	5.496
glb	5.496
gma	5.496
spars	5.5
week	5.5
metric	5.5
gb	5.504
singl	5.508
ao	5.508
legum	5.508
guanin	5.51
throughout	5.51
show	5.516
prioriti	5.516
retriev	5.516
long	5.52
damag	5.52
observ	5.52
accordingli	5.52
snp	5.52
geograph	5.52
forag	5.523
hm	5.527
assay	5.527
revis	5.527
vigna_radiata	5.527
contig	5.53
experi	5.53
diphosph	5.53
laboratori	5.535
medicin	5.54
disrupt	5.54
plastid	5.54
uncharacter	5.543
industri	5.543
we	5.547
ccw	5.547
previou	5.547
human	5.547
phytoalexin	5.547
shmt	5.547
cml	5.55
brassinosteroid	5.55
soybas	5.55
germin	5.55
clear	5.55
transplant	5.555
do	5.56
global	5.562
tc	5.562
zhu	5.562
import	5.562
transform	5.566
cassava	5.566
rain	5.566
lectin	5.57
sv	5.574
frequent	5.574
free	5.574
presum	5.58
within	5.58
glyceollin	5.586
elus	5.586
readili	5.586
red	5.586
fungal	5.586
rhizobium	5.59
sensit	5.59
especi	5.59
tea	5.594
coumarin	5.594
high	5.598
phosphoru	5.598
rna	5.598
gmirch	5.598
confirm	5.598
nor	5.598
ben	5.6
bean	5.6
arachi	5.6
on	5.605
hamper	5.61
everi	5.61
testa	5.61
smv	5.613
algorithm	5.613
upon	5.613
tradit	5.617
trim	5.62
nonetheless	5.62
them	5.625
reliabl	5.625
endophyt	5.625
immens	5.63
garden	5.63
attack	5.63
hydrolys	5.63
homeodomain	5.63
waterlog	5.633
tnt1	5.633
downi	5.633
herbivor	5.637
neither	5.637
excel	5.637
methyltransferas	5.637
analysi	5.64
motif	5.64
forti	5.645
sophist	5.645
evolv	5.652
frankia	5.652
japonicum	5.652
longest	5.656
microbi	5.656
method	5.656
b3	5.656
rich	5.66
strain	5.66
markedli	5.66
cdpk	5.664
then	5.664
alon	5.664
transfer	5.664
site	5.664
purifi	5.664
regard	5.668
women	5.668
seldom	5.668
glycophyt	5.668
walk	5.668
flag	5.668
qtl	5.668
phenomena	5.67
special	5.67
alkalin	5.676
background	5.676
conduct	5.676
il	5.68
laccas	5.68
supra	5.68
partial	5.68
aroma	5.684
ureas	5.684
increasingli	5.684
arthropod	5.688
affin	5.688
until	5.688
ion	5.688
econom	5.69
quantifi	5.69
sugarcan	5.69
isoflavon	5.69
techniqu	5.69
target	5.69
semi	5.695
divid	5.695
advers	5.7
sbr	5.7
homozyg	5.7
valid	5.7
annexin	5.7
medicago_truncatula	5.703
friendli	5.703
cog	5.707
oxid	5.707
under	5.707
mutagenesi	5.707
tifi	5.707
irregular	5.707
cytosol	5.707
hg	5.71
dual	5.71
trap	5.71
lesion	5.71
postul	5.715
onli	5.72
spot	5.72
stock	5.72
command	5.72
input	5.723
polypeptid	5.723
scheme	5.723
messageth	5.727
defici	5.727
carotenoid	5.727
construct	5.727
preliminarili	5.727
be	5.73
subgroup	5.73
commerci	5.73
dof	5.73
nomenclatur	5.734
mediat	5.734
out	5.734
cicer	5.734
conclusionsw	5.734
associ	5.74
two	5.74
verifi	5.74
specif	5.74
intact	5.74
essenti	5.74
importantli	5.74
morpholog	5.74
clinic	5.74
protect	5.742
dure	5.742
there	5.742
post	5.742
exogen	5.746
quinoa	5.746
molecul	5.746
short	5.75
photoreceptor	5.75
yellow	5.75
msra	5.754
receptor	5.754
most	5.754
align	5.754
lethal	5.754
interact	5.758
viru	5.76
forest	5.766
aqp	5.766
suppress	5.77
immunoblot	5.77
stand	5.773
exist	5.773
put	5.773
flood	5.773
six	5.777
infect	5.777
foodstuff	5.777
pi489777	5.777
galacturonosyltransferas	5.777
tabul	5.777
pi	5.777
agricultur	5.777
filter	5.78
desir	5.78
through	5.785
prove	5.785
directli	5.79
predomin	5.79
aphid	5.793
pest	5.793
transcript	5.797
larg	5.8
plc	5.8
solani	5.8
oxylipin	5.8
mir1511	5.805
e6	5.805
join	5.805
quickli	5.81
modifi	5.81
salin	5.812
fungi	5.812
antibodi	5.816
massiv	5.816
over	5.816
similarli	5.82
paleopolyploid	5.82
mega	5.82
mitochondri	5.82
standard	5.82
impair	5.824
blight	5.824
predict	5.824
factor	5.824
mitochondria	5.83
success	5.83
contamin	5.83
sbdv	5.83
eqtl	5.83
phosphat	5.832
aquaporin	5.832
chromatin	5.836
veget	5.836
found	5.836
certain	5.836
stress	5.836
ftc	5.836
gmcyp78a57	5.836
remobil	5.84
syndrom	5.844
anoth	5.844
read	5.844
intraspecif	5.848
promis	5.848
loci	5.848
output	5.848
oxygenas	5.848
manual	5.848
elicit	5.848
scn	5.85
primarili	5.85
stabl	5.85
host	5.855
search	5.86
wrki	5.86
but	5.86
score	5.86
protoplast	5.86
incorpor	5.863
mite	5.867
poor	5.867
udp	5.867
silenc	5.87
si	5.87
knock	5.87
reduc	5.875
diagram	5.875
sesquiterpen	5.875
surfac	5.875
hickori	5.875
promin	5.88
spl	5.88
escap	5.88
gc	5.883
localis	5.883
univers	5.883
user	5.883
total	5.887
nodul	5.887
fraction	5.887
seed	5.887
publicli	5.887
here	5.89
redund	5.89
photorespir	5.89
benefici	5.89
variant	5.89
dongnong	5.89
includ	5.89
lotus_japonicu	5.895
pd	5.895
access	5.895
key	5.895
similar	5.9
tast	5.9
tag	5.9
nuclear	5.9
amplifi	5.902
symbios	5.902
treatment	5.902
lecrlk	5.902
addit	5.902
year	5.902
at	5.906
sequenc	5.906
librari	5.906
approxim	5.906
loss	5.906
extracellular	5.906
cap	5.91
grow	5.91
restrict	5.91
than	5.91
domin	5.91
foliar	5.914
compromis	5.914
like	5.914
common	5.914
motor	5.914
rkn	5.914
metal	5.914
legumin	5.918
paramount	5.918
logist	5.92
gmcry1b	5.92
monocotyledon	5.92
pdh1	5.92
did	5.926
non	5.926
glucosidas	5.926
pubesc	5.934
grain	5.934
wd	5.934
arbuscul	5.934
list	5.938
environment	5.938
some	5.938
bombard	5.938
jiyu	5.938
submerg	5.94
phylogenet	5.945
one	5.945
yeast	5.945
chickpea	5.945
speci	5.945
except	5.945
health	5.95
nematod	5.953
test	5.953
independ	5.953
temperatur	5.957
linear	5.96
broadleaf	5.96
conclusionsoybean	5.96
less	5.96
perform	5.965
br	5.965
grown	5.965
concern	5.97
methionin	5.977
heterogen	5.977
gener	5.98
cca1	5.984
drought	5.984
conclusionth	5.984
mass	5.99
phakopsora_pachyrhizi	5.99
natur	5.99
mg	5.99
agrobacterium_rhizogen	5.992
biomass	5.992
terpen	5.992
ca	5.992
pairwis	5.992
growth	5.992
hybrid	5.996
ad	6.0
fiber	6.0
viridula	6.0
nezara	6.0
geraniol	6.0
sampl	6.0
sixteen	6.004
properti	6.004
narrow	6.004
achiev	6.004
server	6.004
leguminosa	6.008
ubiquitin	6.008
direct	6.008
peroxisom	6.008
fusion	6.008
reaction	6.01
id	6.01
condit	6.01
spectrometri	6.016
isoform	6.016
natto	6.016
insecticid	6.02
around	6.02
food	6.02
doubl	6.02
creat	6.02
repres	6.023
ani	6.023
mir172c	6.023
acid	6.023
chloroplast	6.023
stimul	6.023
ecosystem	6.023
gmsnap18	6.027
phosphoenolpyruv	6.027
defin	6.03
lose	6.03
base	6.03
broad	6.035
significantli	6.035
atp	6.035
trait	6.035
gmcol	6.035
pump	6.04
critic	6.04
mildew	6.04
antimicrobi	6.04
subcellular	6.04
plasmid	6.043
conserv	6.047
beam	6.047
scale	6.047
wide	6.047
day	6.047
encompass	6.05
vascular	6.05
dicotyledon	6.05
noncod	6.055
chi	6.055
unpreced	6.055
about	6.055
mutant	6.055
could	6.06
map	6.06
hpl	6.06
repeat	6.06
chlorosi	6.06
valu	6.062
scatter	6.062
whether	6.062
emerg	6.062
transposon	6.066
particularli	6.066
colour	6.066
epsp	6.066
cultiv	6.066
type	6.066
cultur	6.066
co	6.066
phosphatas	6.066
temper	6.07
trna	6.07
comput	6.074
seek	6.074
ef1α	6.08
react	6.08
exclus	6.08
compon	6.08
seventi	6.08
tetragonoloba	6.08
genom	6.082
miss	6.082
toler	6.082
dna	6.082
their	6.082
remorin	6.082
vitro	6.086
prokaryot	6.086
ideal	6.086
connect	6.086
mean	6.086
other	6.09
data	6.09
haplotyp	6.09
leaf	6.09
membran	6.09
doe	6.094
pa	6.094
ground	6.098
appar	6.098
immun	6.098
posttransl	6.098
pollin	6.1
constitut	6.1
favor	6.1
manag	6.1
mlo	6.1
salt	6.1
uncov	6.1
attent	6.1
activ	6.105
fl	6.105
rf	6.105
inhibit	6.11
tf	6.11
nest	6.11
execut	6.11
continu	6.11
peripher	6.11
resultsour	6.11
substrat	6.113
jaz	6.113
consid	6.117
deriv	6.117
flexibl	6.117
mutualist	6.117
plantgrn	6.12
gm14	6.12
kinas	6.12
select	6.125
sa	6.125
nicotiana_benthamiana	6.125
mainli	6.125
sd	6.125
isoflavonoid	6.13
inocul	6.13
fragment	6.13
thi	6.133
complex	6.133
embryogenesi	6.137
dri	6.137
strand	6.137
cuscuta	6.14
melo	6.14
biomerc	6.14
biolog	6.14
publish	6.14
replic	6.14
sar	6.14
compart	6.14
rsc8	6.145
gra	6.145
easi	6.145
control	6.145
million	6.145
challeng	6.145
calcium	6.15
transferas	6.15
phylogen	6.15
mammal	6.15
consist	6.15
lysin	6.152
western	6.156
channel	6.156
vigor	6.156
measur	6.16
ea	6.16
decompos	6.16
vari	6.16
where	6.164
al3	6.164
littl	6.164
pressur	6.168
glycoprotein	6.168
vulner	6.168
popul	6.168
albeit	6.17
sph	6.17
exchang	6.17
sourc	6.17
fbd	6.17
mir393	6.17
robust	6.176
line	6.176
hb	6.176
sexual	6.176
govern	6.18
explan	6.18
databas	6.184
genotyp	6.184
avail	6.184
complic	6.184
methyl	6.184
wilt	6.184
minor	6.188
lncrna	6.188
elabor	6.188
hypoxia	6.188
folat	6.19
look	6.19
colon	6.19
evolutionarili	6.19
nipponbar	6.195
obviou	6.195
variou	6.195
mrna	6.195
heterolog	6.2
self	6.2
cu	6.2
effici	6.203
each	6.203
immedi	6.203
broadli	6.203
advoc	6.203
feder	6.203
varieti	6.203
nutrient	6.207
underw	6.207
indirectli	6.207
power	6.207
unabl	6.21
optimum	6.21
r2	6.21
criteria	6.21
root	6.21
phytohormon	6.215
neutron	6.215
cation	6.215
pustul	6.215
queri	6.22
now	6.22
locu	6.223
oliv	6.223
intrachromosom	6.223
wu	6.223
potato	6.227
extend	6.227
strategi	6.227
copper	6.227
demonstr	6.227
bacteria	6.23
trial	6.23
consumpt	6.234
strongli	6.234
reveal	6.234
somat	6.234
herb	6.234
declin	6.242
jack	6.242
renew	6.242
shown	6.242
aco4	6.242
transcriptas	6.242
arid	6.242
after	6.242
nt	6.246
p34	6.246
dcl	6.246
discrimin	6.246
metabolit	6.246
note	6.246
organellar	6.25
commod	6.25
cgi	6.254
almost	6.254
without	6.254
physiolog	6.254
ultraviolet	6.258
lot	6.258
alway	6.258
array	6.258
catalyz	6.26
instanc	6.26
mn	6.26
block	6.26
amplif	6.26
billion	6.26
download	6.26
phaseolu	6.266
begun	6.266
nop	6.266
sudden	6.266
process	6.266
glycitein	6.266
gmrav	6.266
eil	6.27
tomato	6.27
nnm	6.27
meloidogyne_incognita	6.273
transactiv	6.273
hl	6.273
suffici	6.277
cle	6.277
proteas	6.277
committe	6.277
rhythmic	6.277
bind	6.277
posit	6.28
mer	6.28
oh	6.28
oleosin	6.28
te	6.28
intron	6.28
photoperiod	6.28
fold	6.285
serin	6.285
della	6.285
biosynthes	6.285
lentil	6.29
differ	6.29
strikingli	6.29
edit	6.29
inactiv	6.29
water	6.297
low	6.297
despit	6.297
dap	6.297
proteom	6.3
pc	6.3
peak	6.3
deterior	6.305
wheat	6.305
close	6.305
feasibl	6.305
fc	6.305
interpret	6.31
versatil	6.31
approach	6.31
vein	6.31
korea	6.31
symbiot	6.31
xag	6.31
rang	6.312
assign	6.312
materi	6.312
distribut	6.312
peptidas	6.312
insert	6.312
sister	6.312
pedigre	6.316
histon	6.32
plaza	6.32
synten	6.32
barrier	6.324
proper	6.324
circrna	6.324
effect	6.33
length	6.33
count	6.33
live	6.33
trigger	6.332
dimer	6.332
spice	6.332
phoenix	6.332
bradyrhizobium	6.336
modul	6.336
optim	6.336
cell	6.336
color	6.336
pleiotrop	6.336
phosphoryl	6.336
crossov	6.336
rp	6.34
hotspot	6.344
dpi	6.344
pst	6.344
intens	6.344
phosphopeptid	6.348
accomplish	6.348
spatiotempor	6.35
system	6.35
indel	6.35
cultivar	6.35
seq	6.35
propos	6.35
effector	6.35
develop	6.355
rice	6.355
pass	6.36
blood	6.36
recess	6.36
cofactor	6.363
treat	6.367
anim	6.367
lp	6.367
resultsin	6.367
nativ	6.367
descriptor	6.367
cr	6.367
homogen	6.367
cd1	6.37
rhg1	6.375
distinguish	6.375
flower	6.375
att	6.375
eleven	6.375
statist	6.375
contrast	6.38
microsatellit	6.38
senesc	6.38
marker	6.38
dreb	6.38
pin	6.383
er	6.383
decay	6.383
supplement	6.387
candid	6.387
n2	6.39
date	6.395
biodiesel	6.395
abund	6.395
steroid	6.4
organ	6.4
bicarbon	6.4
oil	6.4
maiz	6.4
shatter	6.4
cm	6.402
incub	6.402
screen	6.402
qualiti	6.406
death	6.406
tale	6.406
barrel	6.41
gramen	6.41
sweet	6.414
endogen	6.414
planta	6.414
crucial	6.414
economi	6.414
polymorph	6.414
alarm	6.418
mo	6.418
lg	6.418
analys	6.42
stressor	6.426
green	6.426
glyoxalas	6.43
arabidopsi	6.43
syringa	6.43
introduc	6.434
receiv	6.434
divers	6.434
terrestri	6.434
acyl	6.438
defens	6.438
elegan	6.438
halophyt	6.438
sustain	6.438
make	6.438
rt	6.438
segreg	6.438
describ	6.44
enzymat	6.44
larger	6.44
concentr	6.44
recruit	6.445
end	6.445
esi	6.445
dsred	6.445
legumeinfo	6.445
sclerotinia_sclerotiorum	6.445
satur	6.445
either	6.445
smaller	6.445
further	6.45
tool	6.45
rlk	6.45
heavili	6.45
differenti	6.45
overlap	6.453
pseudo	6.457
which	6.457
qtn	6.457
problem	6.457
vicia	6.457
bacteri	6.46
domest	6.46
secret	6.465
bound	6.465
hundr	6.465
neutral	6.465
upland	6.47
fall	6.47
trifolium_pratens	6.47
gmwrki	6.473
mir159	6.473
compat	6.473
though	6.473
pongamia	6.473
influenc	6.473
dietari	6.473
usag	6.473
heat	6.477
depend	6.477
nitrat	6.477
subject	6.477
member	6.477
new	6.48
potyvirus	6.48
gmgbp1	6.48
maintain	6.48
heterodera_glycin	6.48
index	6.484
autophagi	6.484
repositori	6.49
model	6.49
methodolog	6.49
our	6.49
nitrogen	6.49
conclusionsth	6.49
oe	6.49
infer	6.492
trihelix	6.492
alsv	6.492
metadata	6.492
glycosyltransferas	6.496
ident	6.496
appli	6.496
enhanc	6.496
vesicl	6.496
transgen	6.5
buckwheat	6.5
monoterpen	6.5
lip	6.5
altogeth	6.504
aris	6.504
gmsubpep	6.504
exponenti	6.504
coloc	6.504
express	6.504
nodulin	6.504
ptr	6.508
intrins	6.508
preliminari	6.51
link	6.51
cdna	6.516
benefit	6.516
longer	6.516
tyr	6.516
countri	6.52
pod	6.52
consecut	6.52
formerli	6.52
composit	6.523
studi	6.523
substanti	6.523
primari	6.523
coa	6.523
distantli	6.527
vacuolar	6.527
messagea	6.527
rj4	6.527
regul	6.527
nutraceut	6.527
meanwhil	6.53
est	6.53
ssr	6.53
nucleotid	6.535
fusarium	6.535
brazil	6.535
simpli	6.54
pcr	6.54
bp	6.54
parasit	6.54
ahl	6.54
enlarg	6.54
experienc	6.54
span	6.54
fertil	6.54
crrna	6.543
fibr	6.543
pivot	6.543
averag	6.543
hi	6.543
flavor	6.547
lodg	6.547
tac	6.547
cucurbitacea	6.547
tiller	6.55
nark	6.55
subsequ	6.55
photo	6.555
nj	6.555
notori	6.555
egyptian	6.555
gmspx	6.555
region	6.56
must	6.56
megabas	6.56
both	6.562
own	6.562
page	6.562
biogenesi	6.562
jun	6.562
licens	6.562
wound	6.562
humid	6.562
medium	6.566
disord	6.566
expens	6.566
taxonom	6.566
accur	6.566
steril	6.566
deposit	6.566
herit	6.57
appear	6.57
shape	6.574
recycl	6.574
harm	6.574
spectroscopi	6.58
nad	6.58
practic	6.582
maximum	6.582
fixat	6.582
coverag	6.582
enter	6.582
clone	6.582
herein	6.586
although	6.586
combinatori	6.586
william	6.586
srna	6.59
genet	6.59
fix	6.59
onc	6.59
follow	6.59
engag	6.59
fluoresc	6.59
kea	6.594
deoxi	6.594
antisens	6.594
least	6.598
china	6.598
insid	6.598
herbicid	6.6
np	6.6
purif	6.6
fabacea	6.61
undergo	6.61
zea_may	6.61
relationship	6.61
off	6.61
qc	6.61
inquiri	6.61
resultstwo	6.61
phosphoprotein	6.617
size	6.617
fat	6.617
pharmacolog	6.617
equal	6.617
environ	6.617
function	6.62
rel	6.62
blot	6.62
prevent	6.62
normal	6.62
methylom	6.625
cellular	6.63
rnaseq	6.63
mapl	6.63
dreb1	6.63
character	6.63
glycosid	6.633
coumestrol	6.633
lost	6.633
made	6.633
rbr	6.633
lack	6.633
kg	6.633
coexpress	6.637
manufactur	6.637
rps1k	6.64
vector	6.64
annot	6.64
sinc	6.64
gossypium_raimondii	6.64
linkag	6.64
tofu	6.64
confid	6.64
expect	6.645
visual	6.645
gmpht1	6.645
maker	6.645
reli	6.645
recov	6.645
nf	6.65
chain	6.65
constraint	6.65
dehisc	6.65
indic	6.65
viral	6.65
acclim	6.65
quantit	6.65
routin	6.652
pollen	6.652
overexpress	6.652
diet	6.652
phasirna	6.652
innat	6.652
isotop	6.652
ionic	6.652
tether	6.652
compact	6.656
propag	6.656
knox	6.66
eco	6.66
pool	6.66
plasma	6.66
compet	6.664
deep	6.664
p3	6.668
acc	6.668
flg22	6.668
result	6.668
sr	6.668
deepli	6.668
gm08	6.67
deplet	6.67
prenyl	6.67
manner	6.676
while	6.676
hdac	6.676
gu	6.68
carboxylas	6.68
hplc	6.68
geo	6.68
dicer	6.68
hexan	6.68
bzip	6.684
pyramid	6.684
fals	6.684
delet	6.684
retard	6.684
retrotransposon	6.684
signal	6.684
thaliana	6.688
null	6.688
rnase	6.688
nitric	6.688
incur	6.688
surviv	6.688
phakopsora	6.688
enzym	6.69
ca2	6.69
parallel	6.69
tree	6.695
even	6.695
ferment	6.7
elit	6.7
bioinformat	6.7
label	6.7
novo	6.703
analyz	6.703
inter	6.703
illumina	6.703
tightli	6.703
camta	6.703
gmnfya	6.703
hsf	6.707
relat	6.707
lipas	6.707
phenotyp	6.707
cystein	6.707
specul	6.71
gmwrky12	6.71
such	6.71
alkali	6.71
collect	6.71
mutual	6.71
bi	6.715
antivir	6.715
dimension	6.715
later	6.72
qihuang	6.72
microrna	6.72
combat	6.72
percent	6.72
lignif	6.72
bodi	6.72
congruent	6.723
fluctuat	6.723
occur	6.723
efficaci	6.723
h3	6.727
edibl	6.727
wild	6.73
rag1	6.73
allel	6.73
shorter	6.73
nac	6.734
becaus	6.734
built	6.734
consum	6.734
canker	6.734
outperform	6.734
underrepres	6.734
websit	6.74
clade	6.74
pg	6.74
deliv	6.74
driven	6.74
individu	6.74
cold	6.74
transient	6.74
version	6.742
chose	6.742
codon	6.742
kb	6.742
variat	6.742
rape	6.742
assembl	6.746
avoid	6.746
polyploid	6.746
becam	6.746
epigenet	6.75
preval	6.75
dispar	6.754
conclusiona	6.754
accumul	6.754
subset	6.754
populu	6.754
resourc	6.758
adequ	6.758
sirna	6.758
cytosin	6.758
may	6.758
e3	6.758
citrat	6.758
elkanii	6.76
time	6.76
intermedi	6.76
diversifi	6.76
chelat	6.76
cytoplasm	6.76
mid	6.76
proven	6.766
main	6.766
field	6.766
rust	6.77
cc	6.77
myb	6.77
rag2	6.773
find	6.773
gγ	6.777
thiamin	6.777
cyanidin	6.777
uridin	6.777
capsici	6.777
albumin	6.777
fi	6.777
mutat	6.777
virtual	6.777
unveil	6.78
gel	6.78
workflow	6.78
bond	6.785
otherwis	6.785
reductas	6.785
rainfal	6.785
tuber	6.785
cook	6.79
hydrogen	6.79
start	6.79
chromatographi	6.79
uptak	6.793
mip	6.793
inhibitori	6.793
pm	6.797
exert	6.797
symbiosi	6.797
between	6.797
sativa	6.797
gmfad2	6.8
newli	6.8
tpss	6.8
mark	6.805
arsen	6.805
delay	6.81
enigmat	6.812
default	6.812
symbol	6.812
rhizobia	6.812
orf	6.812
ar	6.812
transpar	6.816
phytoestrogen	6.816
belong	6.816
alpha	6.82
care	6.82
intern	6.824
way	6.824
subclad	6.824
allotetraploid	6.824
edg	6.83
suitabl	6.83
attain	6.83
oblig	6.83
invad	6.832
chosen	6.832
cellulos	6.832
densiti	6.832
exposur	6.836
upregul	6.836
atpas	6.836
true	6.836
matur	6.836
increas	6.836
secondari	6.836
stronger	6.836
contact	6.84
classic	6.84
deg	6.84
ingredi	6.84
ss	6.84
procedur	6.84
overal	6.844
indehisc	6.844
california	6.844
osmot	6.844
interv	6.848
prepar	6.848
pe	6.848
residu	6.848
gmtga	6.85
ineffici	6.85
ecolog	6.85
florigen	6.85
dcl1	6.85
charcoal	6.85
catalys	6.85
homeostasi	6.855
characterist	6.855
kind	6.855
pacbio	6.86
coupl	6.86
chines	6.86
exploit	6.86
accuraci	6.863
transport	6.863
male	6.863
combin	6.863
probabl	6.867
lea	6.867
issu	6.867
copi	6.87
invers	6.875
degrad	6.875
capsicum	6.875
photomorphogen	6.875
might	6.875
pachyrhizi	6.875
togeth	6.875
util	6.875
recalcitr	6.88
eastern	6.88
annuum	6.88
bipartit	6.88
flax	6.88
hydroxylas	6.883
crispr	6.883
extern	6.883
manganes	6.883
given	6.883
syntaxin	6.883
ap2	6.883
prematur	6.883
box	6.883
much	6.883
perceiv	6.887
transcriptom	6.887
transmembran	6.887
faba	6.887
lod	6.887
synthas	6.887
searchabl	6.89
bsa	6.89
repress	6.89
pseudomona	6.89
term	6.89
tend	6.89
competit	6.89
solubl	6.89
ammonium	6.89
tgm9	6.895
refer	6.895
evalu	6.895
ligas	6.895
pk	6.895
nutrit	6.9
degradom	6.9
modif	6.9
genic	6.9
resultsher	6.9
gmmapk	6.902
uniconazol	6.902
micro	6.902
fell	6.902
how	6.902
public	6.906
locat	6.906
shsp	6.906
case	6.91
subunit	6.91
instead	6.91
fa	6.914
rearrang	6.914
respir	6.914
db	6.914
spread	6.914
watermelon	6.918
remedi	6.918
panicum	6.918
fusarium_virguliform	6.918
solut	6.92
mt	6.92
pollut	6.92
potenti	6.92
elev	6.926
frequenc	6.926
part	6.926
benthamiana	6.93
cool	6.93
phospholipid	6.93
plot	6.93
dead	6.93
breeder	6.93
network	6.93
framework	6.934
mung	6.934
knockdown	6.934
element	6.934
hyperaccumul	6.934
regulatori	6.934
opposit	6.934
technolog	6.938
freez	6.938
ccr	6.938
cohes	6.938
frogey	6.938
boom	6.938
chang	6.938
evid	6.938
wip	6.94
mir166	6.94
actin	6.94
rate	6.94
dpp	6.945
hardli	6.945
decarboxylas	6.945
antiport	6.945
w2	6.945
unfavor	6.95
ago	6.95
southern	6.95
mate	6.95
princip	6.95
habitat	6.95
sacpd	6.953
cicer_arietinum	6.953
act	6.953
climat	6.953
improv	6.953
microb	6.953
transcrib	6.953
shade	6.957
mono	6.957
abl	6.957
european	6.957
proteomexchang	6.96
enod	6.96
decreas	6.96
suscept	6.96
seri	6.96
chip	6.96
germ	6.965
compound	6.97
content	6.97
farm	6.97
machineri	6.97
repair	6.973
happen	6.973
loop	6.977
trichom	6.977
cyp	6.977
recent	6.98
light	6.98
necrosi	6.98
papaya	6.99
adapt	6.992
paralog	6.992
reprogram	6.992
correct	6.996
iso	6.996
hsp	7.0
open	7.0
inorgan	7.0
acetyltransferas	7.0
intak	7.0
gmspl	7.0
exercis	7.0
argonaut	7.0
scion	7.0
cct	7.0
embed	7.0
recoveri	7.0
underli	7.0
gs	7.0
respons	7.0
mechan	7.004
systemat	7.004
pair	7.004
termin	7.004
initi	7.004
meiosi	7.004
near	7.004
famili	7.008
stem	7.008
research	7.008
greater	7.01
wspc	7.01
onto	7.01
suppli	7.01
determin	7.01
wood	7.01
uneven	7.016
transvers	7.016
labori	7.016
crosstalk	7.016
polygalacturonas	7.02
brassica_napu	7.02
featur	7.02
core	7.02
comprehens	7.02
appl	7.02
mlg	7.023
castor	7.023
cl	7.023
syncytium	7.023
sulfur	7.023
phloem	7.027
basic	7.027
nineteen	7.027
satellit	7.027
lipid	7.027
msrb	7.03
cutworm	7.03
goldeng	7.03
southeast	7.03
mj	7.03
meal	7.03
chlorophyl	7.035
frame	7.035
conclusionsin	7.043
alter	7.043
weight	7.043
rn	7.043
rapid	7.043
amino	7.047
a1	7.047
reflect	7.047
code	7.047
isoprenoid	7.05
moistur	7.05
programm	7.05
gradient	7.05
grass	7.05
cqscn	7.055
devast	7.055
mitig	7.055
soy	7.055
focus	7.055
imput	7.055
qpcr	7.06
hold	7.062
those	7.062
qi	7.062
reportedli	7.062
compar	7.062
fossil	7.066
unrel	7.066
ethylen	7.066
conform	7.07
repressor	7.07
ratio	7.07
evidenc	7.074
weather	7.074
respond	7.08
mping	7.08
sole	7.08
re	7.08
consensu	7.08
arginin	7.08
establish	7.08
hydrolas	7.082
la	7.082
resequenc	7.082
modest	7.082
conflict	7.082
gmhkt1	7.082
endosymbiot	7.082
carrier	7.082
expand	7.086
turnov	7.086
puls	7.086
mycorrhiz	7.086
autom	7.086
dormanc	7.086
sucros	7.09
estim	7.09
catabol	7.09
north	7.094
ortholog	7.094
acp	7.094
citru	7.098
cuc	7.098
napu	7.098
infest	7.098
endocytosi	7.098
interfer	7.1
fundament	7.1
higher	7.1
breed	7.105
match	7.11
project	7.11
pungsannamul	7.11
lolium	7.11
abstractdrought	7.11
station	7.11
defensin	7.11
profil	7.113
substitut	7.113
instruct	7.12
foliag	7.12
chromium	7.12
pp2c	7.12
drastic	7.125
desert	7.125
multifacet	7.125
dip	7.125
oa	7.125
agrobacterium	7.125
ugt	7.13
herbivori	7.13
pigeonpea	7.13
polyamin	7.13
pi88788	7.13
stomata	7.133
powderi	7.133
pebp	7.133
erf	7.137
gmchi	7.14
nucleosom	7.14
biotyp	7.14
thousand	7.14
e9	7.14
tissu	7.14
exon	7.14
hypersensit	7.14
infrar	7.145
superfamili	7.145
homeolog	7.145
starvat	7.145
prone	7.15
p450	7.15
zno	7.15
biosynthesi	7.15
lignin	7.15
old	7.152
randomli	7.152
wherea	7.152
correl	7.152
machin	7.152
aromat	7.156
graph	7.156
gwa	7.156
see	7.16
interchromosom	7.16
hypomethyl	7.16
age	7.16
anthropogen	7.164
matter	7.164
dgat	7.164
v2	7.168
unevenli	7.168
glycosyl	7.168
subtract	7.168
saponin	7.17
constant	7.176
structur	7.176
distant	7.176
inform	7.176
bac	7.18
dehydrin	7.18
recombin	7.18
liverwort	7.18
deliveri	7.184
td	7.184
retroel	7.184
germplasm	7.184
cleavag	7.188
ill	7.188
imper	7.188
suggest	7.19
risk	7.19
area	7.19
faster	7.195
mitochondrion	7.195
cytolog	7.195
undertaken	7.195
di	7.195
antioxid	7.2
gfp	7.2
complement	7.2
chaperon	7.2
decidu	7.2
mainstream	7.2
role	7.2
histor	7.2
fish	7.203
provid	7.203
random	7.203
autogam	7.203
endosymbiosi	7.203
world	7.203
embryo	7.207
accept	7.207
polar	7.207
cas9	7.207
support	7.21
c4	7.21
never	7.215
allopolyploid	7.215
gibberellin	7.22
classif	7.22
second	7.22
concept	7.223
tr	7.223
kill	7.223
tpr	7.223
somehow	7.223
thought	7.223
ysl	7.223
diploid	7.223
seedl	7.227
gigantea	7.227
comparison	7.227
diverg	7.227
development	7.227
maxim	7.227
ago5	7.23
mapk	7.23
causal	7.23
great	7.23
spectrum	7.23
nucleu	7.234
event	7.234
me	7.234
fodder	7.234
correspond	7.234
paleopolyploidi	7.234
heterochromat	7.24
atyp	7.24
analyt	7.242
photosynthesi	7.242
physic	7.242
liquid	7.242
profound	7.242
pectin	7.242
monophylet	7.246
profoundli	7.246
land	7.246
promot	7.246
scenario	7.246
sort	7.246
efflux	7.246
bat93	7.246
catalogu	7.25
hgt	7.25
serv	7.25
need	7.25
compos	7.254
gmft2a	7.258
chill	7.258
asian	7.258
pha	7.258
pcg	7.258
would	7.26
sine	7.26
glucosyl	7.266
sinorhizobium_fredii	7.266
intracellular	7.266
potassium	7.266
flavonoid	7.27
elicitor	7.27
drive	7.27
mb	7.27
gr	7.27
equival	7.27
sw	7.27
too	7.27
crystallin	7.273
npa	7.273
gain	7.273
pattern	7.273
triacylglycerol	7.273
impact	7.277
multidimension	7.277
play	7.28
ri	7.28
csn5	7.285
daewon	7.285
explor	7.285
n1	7.285
lower	7.285
percentag	7.29
persist	7.29
tga	7.29
greatli	7.29
aba	7.293
intercrop	7.293
adopt	7.293
cipk	7.293
ht	7.297
arachis_hypogaea	7.297
again	7.297
capabl	7.297
catalyt	7.3
terminu	7.3
counterpart	7.3
simul	7.305
precursor	7.305
sag	7.305
un	7.305
solid	7.31
stabil	7.31
stimuli	7.31
biofuel	7.31
guid	7.31
organel	7.312
icp	7.312
rhizoctonia	7.312
drain	7.312
isr	7.312
sumoyl	7.312
aeschynomene_evenia	7.32
conceptu	7.32
mice	7.32
exactli	7.32
pull	7.32
df	7.32
iii	7.32
multi	7.324
synteni	7.324
examin	7.324
hs	7.324
fail	7.33
wgr	7.33
ontario	7.332
m2	7.332
dong	7.332
cytomembran	7.332
extinct	7.332
messeng	7.336
anthocyanin	7.336
store	7.34
undergon	7.34
bioactiv	7.34
central	7.34
adzuki	7.34
heavi	7.34
infiltr	7.34
slow	7.34
heme	7.34
engin	7.34
zinc	7.344
microsymbiont	7.344
nil	7.344
northern	7.344
auxin	7.348
blastx	7.348
arisen	7.348
pack	7.348
phytas	7.35
valuabl	7.35
flavonol	7.35
progenitor	7.35
life	7.35
toward	7.35
subgenu	7.35
peke	7.35
kd	7.355
alcohol	7.355
storag	7.355
cross	7.355
duplic	7.355
tyrosin	7.355
aconitas	7.355
intestin	7.36
archiv	7.36
abstractphosphoru	7.36
accompani	7.363
reason	7.363
oligonucleotid	7.363
hsw	7.363
hub	7.367
pif	7.367
biofortif	7.367
sheet	7.367
fulli	7.367
phylogeni	7.367
na	7.37
seem	7.37
chitin	7.375
heart	7.375
anatom	7.375
truncatula	7.375
tripl	7.38
cover	7.38
bhlh	7.387
threshold	7.387
flx	7.387
electron	7.387
unidentifi	7.387
present	7.387
tropic	7.387
stage	7.395
cy	7.395
phr1	7.395
bulk	7.395
enrich	7.395
tw	7.4
undesir	7.4
abcg	7.4
induct	7.4
dsrna	7.4
molecular	7.402
glutathion	7.402
agronom	7.402
dwarfism	7.402
grn	7.402
granul	7.406
metabol	7.406
agent	7.41
mine	7.414
owe	7.414
col	7.414
absorb	7.414
simpl	7.414
rpp	7.414
palm	7.418
c6	7.418
platform	7.418
adp	7.418
late	7.42
detriment	7.42
tm	7.42
due	7.426
heterosi	7.426
bridg	7.43
medicago	7.43
pathosystem	7.43
gmwrky40	7.43
grna	7.43
distort	7.43
argentina	7.434
collinear	7.434
allevi	7.434
architectur	7.434
investig	7.434
t2	7.434
purpos	7.438
monitor	7.438
releas	7.438
hco3	7.438
arabidopsis_thaliana	7.438
ank	7.44
sex	7.44
convent	7.44
slaf	7.445
ensur	7.445
immunostain	7.445
gm05	7.445
cultura	7.445
pragmat	7.445
sessil	7.445
ft	7.445
rsv4	7.445
defenc	7.445
conclus	7.445
aluminium	7.45
mode	7.45
hidden	7.45
inventori	7.45
copia	7.45
ancient	7.453
gradual	7.453
intric	7.453
homologu	7.453
basal	7.457
extra	7.457
solv	7.457
clock	7.457
asr	7.46
petiol	7.46
place	7.465
ml	7.47
precis	7.47
uninfect	7.47
bear	7.47
ds	7.47
nacl	7.47
graft	7.47
dens	7.473
pep	7.473
expos	7.473
defeat	7.473
plastidi	7.473
enabl	7.473
full	7.473
coenzym	7.473
script	7.48
recognis	7.48
amirna	7.484
pla	7.484
transloc	7.49
apetala1	7.49
appropri	7.492
exampl	7.492
biotroph	7.492
subterranean	7.492
compil	7.496
pathway	7.496
ppi	7.5
mesorhizobium	7.5
pi342618b	7.5
aberr	7.5
tremend	7.504
tap	7.508
acquisit	7.508
believ	7.508
sequest	7.508
gmchx1	7.51
integr	7.51
oxygen	7.51
latitud	7.51
shoot	7.516
rnai	7.516
asia	7.516
ta	7.516
arf	7.516
cucumb	7.516
genu	7.52
mti	7.52
lycophyt	7.52
underground	7.52
went	7.52
up	7.52
interfac	7.52
set	7.52
contributor	7.523
agp	7.523
dehydr	7.523
invas	7.527
node	7.527
parent	7.527
asparagin	7.527
graphic	7.527
aboveground	7.53
take	7.53
spliceosom	7.53
ppn	7.53
level	7.535
excis	7.535
farmer	7.54
mymiv	7.54
charact	7.54
nicotiana	7.54
yl	7.54
defect	7.54
endo	7.543
third	7.543
tier	7.543
pcd	7.543
mysteri	7.543
mimic	7.547
branch	7.547
rather	7.547
pal	7.547
h3_1	7.55
adjac	7.55
plu	7.555
earli	7.555
constitu	7.555
moment	7.555
m4	7.555
propeptid	7.555
consequ	7.555
ro	7.56
atmospher	7.56
get	7.56
occupi	7.562
intergen	7.562
mount	7.562
should	7.57
modern	7.574
today	7.574
gmsalt3	7.574
captur	7.574
millet	7.574
atareb1	7.58
foxglov	7.58
wit	7.58
d27	7.58
hous	7.582
bacteroid	7.582
chalcon	7.582
min	7.582
nutriti	7.582
swell	7.582
languag	7.582
tini	7.582
calmodulin	7.582
ssc	7.586
kasi	7.586
disequilibrium	7.59
cssl	7.59
struggl	7.594
dw	7.594
per	7.594
landrac	7.594
inact	7.594
subtrop	7.594
categori	7.598
dalbergioid	7.6
posttranscript	7.6
floral	7.605
cognat	7.61
mpk6	7.61
merit	7.61
ptg	7.61
ordin	7.61
attenu	7.61
gmchr5	7.613
learn	7.613
phenol	7.613
aldh	7.613
deleteri	7.617
preferenti	7.617
rpp4	7.617
origin	7.617
lsd	7.62
harosoy	7.62
stringent	7.62
applic	7.625
adam	7.625
conting	7.625
cdss	7.625
campestri	7.625
qph	7.625
microarray	7.63
spodoptera	7.63
taken	7.63
aerial	7.63
truncat	7.63
document	7.633
commit	7.633
depress	7.633
stearic	7.633
upgma	7.64
backcross	7.64
peculiar	7.64
dynam	7.64
harbour	7.645
air	7.645
calcar	7.645
proxim	7.65
ii	7.65
reproduct	7.65
yc4	7.652
aggreg	7.652
ferritin	7.652
orient	7.652
pure	7.652
abi3	7.652
mosaic	7.656
stapl	7.656
spectra	7.66
overcom	7.66
cytokinin	7.668
octoploid	7.668
renown	7.668
asid	7.668
housekeep	7.668
variabl	7.668
traffick	7.668
downregul	7.668
cpa	7.668
fruit	7.668
simultan	7.668
dcl2	7.668
resolv	7.668
integu	7.67
regener	7.67
abiot	7.67
margin	7.67
replac	7.676
rhizobi	7.676
hand	7.676
hypothes	7.68
lj	7.68
phosphor	7.68
neighbor	7.68
gmphya3	7.68
tail	7.68
retrovir	7.68
ir	7.68
custom	7.68
gdp	7.68
al2o3	7.68
lrr	7.684
ld	7.684
gtpase	7.684
number	7.684
point	7.684
ks	7.688
f2	7.688
feedback	7.688
als3	7.688
uninvestig	7.688
glyma10g36600	7.688
cocoa	7.688
danger	7.688
irrevers	7.688
resultsthre	7.688
ltr	7.69
costli	7.69
fill	7.69
moss	7.69
act11	7.695
necessit	7.695
best	7.695
gmft1a	7.7
nearli	7.7
biparent	7.7
black	7.707
skp1	7.707
exot	7.71
far1	7.71
permeabl	7.71
volum	7.71
convers	7.715
livestock	7.715
strongest	7.715
messagetwo	7.72
complementari	7.72
homeobox	7.72
extraordinari	7.723
artifici	7.723
huge	7.727
mp	7.727
fst	7.73
avrb	7.73
xylem	7.73
deserv	7.734
brassinolid	7.734
microorgan	7.74
depict	7.74
nh	7.74
partner	7.74
hallmark	7.742
offer	7.742
ge	7.746
toc	7.746
bottleneck	7.746
brassica	7.746
remov	7.746
ton	7.746
stop	7.746
expansin	7.746
ever	7.746
word	7.75
rag5	7.75
proanthocyanidin	7.75
msp	7.75
boost	7.75
miner	7.754
progeni	7.754
what	7.754
polymeras	7.754
cg	7.754
unusu	7.754
lyas	7.758
transmit	7.758
america	7.758
tem	7.76
sumo	7.76
ia	7.76
mobil	7.76
gap	7.766
malat	7.766
orchid	7.766
section	7.766
cyclas	7.766
glycerolipid	7.766
plastic	7.77
pld	7.77
scaffold	7.77
mannanas	7.773
ectop	7.773
innov	7.777
aerenchyma	7.777
embryon	7.777
orthologu	7.777
selenium	7.777
dou	7.777
dreb2	7.777
gm11	7.777
toxin	7.777
synthet	7.777
transpir	7.78
horizont	7.78
mechanist	7.78
heih	7.79
filament	7.793
ag	7.797
manihot	7.797
phylogenom	7.8
thylakoid	7.8
polymorpha	7.8
phylum	7.8
zn2	7.8
bay	7.8
shell	7.8
huai	7.8
broken	7.8
particip	7.8
proport	7.805
daylength	7.805
bitter	7.805
aglycon	7.81
transpos	7.81
effort	7.81
synthesi	7.81
angiosperm	7.812
minim	7.812
messagean	7.812
formal	7.812
hereaft	7.812
assess	7.816
detail	7.816
malnutrit	7.816
noteworthi	7.816
b1	7.816
decis	7.816
multipli	7.82
hd	7.824
fuse	7.83
dcap	7.83
pmei	7.83
nod	7.83
first	7.832
mi	7.832
destroy	7.832
shuffl	7.832
necessari	7.836
rais	7.836
isoleucin	7.836
unsupervis	7.84
maxima	7.84
underutil	7.844
cajan	7.844
gaba	7.844
moder	7.844
agro	7.848
if	7.848
servic	7.848
gmsnap11	7.848
nn1138	7.848
mitot	7.848
hinder	7.848
curv	7.85
conclusionthi	7.85
scaveng	7.85
bess	7.85
gossypium_hirsutum	7.855
e1	7.855
mpk	7.855
bag	7.855
strength	7.86
relev	7.86
hppd	7.86
fifti	7.863
astragalu	7.867
eas	7.867
canon	7.867
superior	7.87
involv	7.87
barley	7.875
meiotic	7.875
anthesi	7.875
proteobacteria	7.875
fashion	7.875
immatur	7.875
esculenta	7.88
photosynthet	7.88
media	7.88
petal	7.88
cucurbita	7.88
abc	7.883
pmd	7.883
ty1	7.883
omic	7.887
flavon	7.887
pursu	7.89
casparian	7.89
pilot	7.89
turnip	7.89
lineag	7.89
energi	7.89
lesser	7.89
digest	7.9
voz	7.9
autopolyploid	7.9
arrang	7.902
glycinol	7.902
aid	7.902
space	7.906
cambium	7.906
hsp70	7.906
versu	7.906
help	7.91
nut	7.91
spontan	7.91
japan	7.91
attempt	7.91
shift	7.91
leverag	7.914
messagew	7.914
diazoefficien	7.914
hiseq	7.914
bpmv	7.918
panel	7.918
work	7.918
canada	7.92
chitinas	7.92
lab	7.92
cystatin	7.92
phytochrom	7.926
heterozyg	7.926
worth	7.926
avenu	7.926
befor	7.93
quantiti	7.93
circadian	7.934
healthi	7.934
fern	7.934
articl	7.934
fine	7.938
scalabl	7.938
prohibitin	7.938
shot	7.938
gun	7.938
perturb	7.938
deficit	7.938
acd	7.938
ipaënsi	7.938
demograph	7.94
soon	7.94
chimera	7.94
sparingli	7.945
electrophoresi	7.945
inherit	7.945
dehydrogenas	7.945
carboxyl	7.95
closest	7.95
mirbas	7.95
melon	7.953
weaker	7.953
nucleic	7.953
urea	7.957
rad	7.957
alreadi	7.96
incompat	7.96
resolut	7.96
shield	7.96
entir	7.96
sativu	7.96
complet	7.96
gmabi3	7.965
rsv1	7.965
perspect	7.965
dn	7.97
signatur	7.97
anti	7.973
ige	7.973
lux	7.973
spectral	7.977
suinong14	7.977
scienc	7.977
virul	7.977
partli	7.98
collaps	7.98
grower	7.98
blp	7.98
cpp	7.98
aon	7.99
cue	7.99
brown	7.99
tempor	7.99
reconstruct	7.99
phytat	7.99
solanacea	7.99
capac	7.99
nahco3	7.992
ps	7.992
cost	7.992
pathogenesi	7.992
unexpect	7.996
ril	7.996
wet	8.0
rhizom	8.0
russia	8.0
schachtii	8.0
beach	8.0
hr	8.0
inhibitor	8.0
anion	8.0
accord	8.0
come	8.0
magnesium	8.01
macrophomina_phaseolina	8.01
ms1	8.01
explain	8.01
born	8.01
ck	8.01
half	8.01
particl	8.01
render	8.01
side	8.01
heterochromatin	8.01
glutamyl	8.016
thiol	8.016
format	8.016
interspecif	8.016
nam	8.016
dose	8.016
period	8.02
conclusionsoveral	8.02
conclusionour	8.02
glycolysi	8.02
current	8.02
recognit	8.02
mixtur	8.02
facilit	8.02
cotyledon	8.02
uncertain	8.03
substanc	8.03
will	8.03
chh	8.03
clean	8.03
ecoregion	8.03
remodel	8.03
bin	8.03
bc	8.03
knot	8.03
gmpt7	8.03
epistasi	8.04
possibl	8.04
gasa	8.04
nopp	8.04
recommend	8.04
definit	8.04
cours	8.05
demand	8.05
morphogenesi	8.05
synergist	8.05
coincid	8.05
tandem	8.055
nonsynonym	8.055
mad	8.055
us	8.06
acetyl	8.06
arrest	8.06
solar	8.06
introduct	8.06
program	8.06
obvious	8.07
beet	8.07
manipul	8.07
quantif	8.07
pigment	8.07
topic	8.07
inexpens	8.07
cytotox	8.07
shock	8.07
beta	8.07
fm	8.07
distanc	8.08
weedi	8.08
conceiv	8.08
knowledg	8.08
finger	8.086
charg	8.086
bloom	8.086
guidelin	8.086
accentu	8.086
flank	8.086
evolutionari	8.086
track	8.086
polysom	8.086
spx	8.09
gmfad3a	8.09
zn	8.09
master	8.09
cytochrom	8.09
hypocotyl	8.09
jatropha	8.09
literatur	8.09
record	8.09
bayesian	8.09
spc	8.09
repeatedli	8.1
codomin	8.1
tumefacien	8.1
cereal	8.1
varianc	8.11
sonic	8.11
inher	8.11
nll	8.11
methylesteras	8.11
unsatur	8.11
conspicu	8.11
occasion	8.11
latin	8.11
underexploit	8.11
cannabis_sativa	8.11
gmfwl1	8.12
lpa	8.12
roch	8.12
fad3c	8.12
nin	8.12
metabolom	8.12
durabl	8.12
safeti	8.12
characteris	8.12
oppos	8.125
primit	8.125
regim	8.125
window	8.13
transposit	8.13
diffus	8.13
qrt	8.13
ser	8.13
synonym	8.13
stomat	8.14
imbibit	8.14
asymmetr	8.15
fagacea	8.15
stabli	8.15
lotu	8.15
grew	8.15
interest	8.15
angl	8.16
behavior	8.16
korean	8.16
prime	8.16
ascorb	8.16
deoxyisoflavonoid	8.16
pretreat	8.16
nannong1138	8.16
downstream	8.164
string	8.164
sc18	8.164
sinorhizobium	8.164
nervon	8.164
dirig	8.164
abnorm	8.164
g19833	8.17
mpk3	8.17
polycomb	8.17
immunoprecipit	8.17
eudicot	8.17
conclusionsthi	8.18
tri	8.18
brazilian	8.18
fad2	8.18
safe	8.18
related	8.18
implement	8.18
task	8.18
advantag	8.18
intercept	8.19
ab	8.19
cb	8.19
ultrastructur	8.19
manur	8.19
zip	8.19
femal	8.195
situat	8.195
blackgram	8.195
solanum	8.195
phase	8.195
arbuscular	8.195
mya	8.195
cortic	8.195
load	8.195
macronutri	8.2
detoxif	8.2
pot	8.2
cycl	8.2
bl	8.21
frameshift	8.21
helicas	8.21
acceler	8.21
along	8.21
stunt	8.21
proteolyt	8.21
coeffici	8.21
recurr	8.21
slightli	8.21
perfect	8.22
scientist	8.22
peroxidas	8.22
reduct	8.22
rpp2	8.22
diagnost	8.22
phomopsi	8.22
unaffect	8.22
delin	8.22
pangenom	8.23
disciplin	8.23
nano	8.23
biolist	8.23
tcss	8.23
brought	8.23
height	8.23
golgi	8.23
cre	8.23
outcom	8.23
opportun	8.234
ago1	8.234
nanopor	8.234
helix	8.234
down	8.234
resembl	8.234
handl	8.24
west	8.24
lmm	8.24
unequ	8.24
u6	8.24
tp	8.24
lac	8.24
deduc	8.25
damp	8.25
better	8.25
question	8.25
co2	8.25
reach	8.25
silent	8.25
decoy	8.25
holist	8.25
photon	8.25
khipu	8.25
phaseolea	8.25
particular	8.25
pseudogen	8.25
strigolacton	8.25
exhaust	8.26
ja	8.26
cascad	8.266
organogenesi	8.266
illustr	8.266
till	8.266
adjust	8.266
centuri	8.266
revolutionari	8.266
gold	8.266
gi	8.266
percept	8.27
wall	8.27
cerevisia	8.27
undefin	8.28
gm06	8.28
earlier	8.28
gmgia	8.28
forc	8.28
introgress	8.29
conclud	8.29
desicc	8.3
poplar	8.3
gmprr3b	8.3
represent	8.305
forward	8.305
largest	8.305
officinali	8.305
realist	8.305
sod	8.305
heterodim	8.31
elong	8.31
deviat	8.31
biochem	8.31
nannong	8.31
floodwat	8.31
elaei	8.31
proteasom	8.31
sound	8.31
carbohydr	8.31
summari	8.31
biosynthet	8.31
met	8.32
gsd	8.32
polymer	8.32
intercellular	8.32
respect	8.32
ammonia	8.32
hypothet	8.33
papilionoidea	8.33
none	8.33
soymilk	8.33
trade	8.33
diurnal	8.336
disappear	8.336
june	8.336
panoram	8.336
phyllotaxi	8.336
realli	8.336
disregard	8.336
meiocyt	8.336
t1	8.336
burp	8.336
rdna	8.336
whole	8.336
physcomitrella_paten	8.34
missens	8.34
shotgun	8.34
nh4	8.34
aminobutyr	8.34
unifi	8.34
geneticist	8.35
multifunct	8.35
gmap1	8.35
vpe	8.35
orchestr	8.35
b2	8.35
oryza	8.35
secur	8.35
affymetrix	8.35
bioavail	8.35
thorough	8.35
phospholipas	8.36
choic	8.36
equip	8.36
amplicon	8.36
gm03	8.36
ozon	8.36
attribut	8.36
peopl	8.37
reinforc	8.37
metazoan	8.37
month	8.37
interactom	8.37
varieg	8.37
secretori	8.375
h2o2	8.375
boundari	8.375
hairpin	8.375
millettia	8.375
endoderm	8.375
pho1	8.375
absent	8.38
deploy	8.38
circuit	8.38
emiss	8.38
modular	8.39
termini	8.39
gmgi	8.39
cbb	8.39
rr	8.39
kbp	8.39
decomposit	8.4
resultsbi	8.4
escherichia	8.4
gmsacpd	8.4
gmnac81	8.4
ox	8.4
predictor	8.41
enrei	8.41
implic	8.41
subpopul	8.41
g3p	8.41
nonfunct	8.41
super	8.414
next	8.414
cucumi	8.414
sanger	8.414
hormon	8.42
dozen	8.42
player	8.42
pt	8.42
alanin	8.42
converg	8.42
dicot	8.42
repetit	8.42
segment	8.43
iib	8.43
conjug	8.43
methylglyox	8.43
unit	8.43
binari	8.43
siev	8.43
bypass	8.43
antibacteri	8.43
gβ	8.44
eu3	8.44
photoassimil	8.44
abstractphytophthora	8.44
ribonucleas	8.44
ontogeni	8.44
preserv	8.44
dimethylallyl	8.44
spectromet	8.44
tabacum	8.44
move	8.44
bug	8.44
autoimmun	8.445
rfs2	8.445
garner	8.445
glycinina	8.445
ni	8.445
cope	8.445
save	8.445
hc	8.45
sorghum	8.45
subdivid	8.45
logarithm	8.45
pyrosequenc	8.46
sign	8.46
colletotrichum	8.46
markov	8.46
gmnac	8.47
sugar	8.47
log	8.47
lambda	8.47
gmpt	8.47
same	8.47
pinnata	8.47
transgenesi	8.47
rsc3q	8.47
slower	8.47
tryptophan	8.47
genistein	8.48
untreat	8.48
outsid	8.48
toolbox	8.48
turn	8.48
soc	8.48
gp	8.48
saccharomyc	8.484
palmit	8.484
starch	8.484
phenylalanin	8.484
primordium	8.484
defend	8.484
gmmyb84	8.49
carbon	8.49
fg	8.49
held	8.5
subtrib	8.5
metalloproteas	8.5
facil	8.5
pub	8.5
peroxid	8.5
p2	8.5
diacylglycerol	8.5
leucin	8.51
azuki	8.51
phe	8.51
broader	8.51
d1b	8.51
impli	8.51
delimit	8.51
mask	8.51
epiderm	8.51
concurr	8.516
zheng	8.52
absciss	8.52
radiat	8.52
japonicu	8.52
proteolysi	8.52
discoveri	8.53
genechip	8.53
futur	8.53
abov	8.53
j2	8.53
sra	8.53
genera	8.53
coffe	8.53
clearli	8.53
infloresc	8.53
tof	8.53
su	8.53
conclusionsour	8.55
mir164	8.55
hwangkeum	8.55
leav	8.55
likelihood	8.55
planet	8.555
sun	8.555
nb	8.555
australia	8.555
lead	8.555
enough	8.555
earth	8.555
calnexin	8.555
aspart	8.555
v3_0	8.555
symmetr	8.555
bioinform	8.555
throughput	8.56
cajanu	8.56
refin	8.56
ureid	8.56
sfw	8.56
alkaloid	8.56
favour	8.56
droplet	8.56
inositol	8.56
phosphoproteom	8.57
carnivor	8.57
necrotroph	8.57
ms8	8.57
dispers	8.57
gmpp2c	8.58
indispens	8.58
spatial	8.58
ci	8.58
sm	8.58
hairi	8.586
enorm	8.586
actual	8.586
phosphofructokinas	8.586
layer	8.586
aco	8.586
dtf	8.59
nadh	8.59
prolin	8.59
hard	8.59
contribut	8.59
mexico	8.59
alga	8.59
evolut	8.59
npr1	8.59
ng	8.59
center	8.6
fuel	8.6
microscop	8.6
path	8.61
balanc	8.61
vasculatur	8.61
cash	8.61
vesicular	8.61
cesa	8.61
biochemistri	8.62
ethanol	8.62
debat	8.62
restor	8.62
amborella	8.625
regular	8.625
nec	8.625
coordin	8.625
train	8.625
macromolecular	8.625
flavin	8.625
racem	8.625
nlr	8.63
movement	8.63
island	8.63
closur	8.64
rxp	8.64
cry2	8.64
biotin	8.64
wrkygqk	8.64
gmexpb2	8.64
atg	8.65
gmcol1a	8.65
viabil	8.65
arachis_duranensi	8.65
hydrolysi	8.66
nsp2	8.66
phenylpropanoid	8.66
antifung	8.66
naringenin	8.66
r2r3	8.66
raffinos	8.664
wherev	8.664
ipomoea	8.664
unaddress	8.664
eventu	8.664
face	8.664
ploidi	8.664
histidin	8.67
euchromat	8.67
nonmodel	8.67
acceptor	8.67
threonin	8.67
cyst	8.67
talk	8.68
ag1	8.68
e2	8.69
galactosyl	8.69
isocitr	8.69
client	8.69
impart	8.69
gmsnrk2	8.69
horizon	8.695
plan	8.695
ester	8.7
gα	8.7
account	8.7
r3	8.7
solanum_lycopersicum	8.7
sc3	8.7
steadi	8.7
laser	8.7
nadph	8.71
rga	8.71
diamet	8.71
demethylas	8.71
itself	8.71
ch	8.71
valin	8.71
formul	8.72
topolog	8.72
pti	8.72
tan	8.72
pdat	8.72
giant	8.72
deform	8.72
oper	8.73
monocot	8.73
rhizoctonia_solani	8.73
tent	8.73
perhap	8.734
expedit	8.734
miso	8.734
clavata	8.734
enod40	8.734
abil	8.734
woodi	8.74
deal	8.74
yabbi	8.74
gmnark	8.74
multitud	8.75
outbreak	8.75
cyamopsi	8.75
endang	8.75
regen	8.75
stm	8.75
thioredoxin	8.75
sb	8.75
gymnosperm	8.76
well	8.76
market	8.76
stain	8.76
theobroma	8.76
gmmyb	8.766
gmmlo	8.766
monolignol	8.766
lee	8.766
wider	8.77
ultim	8.77
uniformli	8.77
young	8.77
bryophyt	8.77
apoptosi	8.78
surpass	8.78
peptidom	8.78
aminotransferas	8.78
cumbersom	8.78
psi	8.78
assum	8.79
volatil	8.79
homo	8.79
real	8.79
coevolut	8.79
sl	8.79
tip	8.8
r5	8.8
unlink	8.8
bx10	8.8
w4	8.8
smrna	8.8
rapa	8.805
heterotrimer	8.805
stringenc	8.805
bast	8.805
peg	8.805
radic	8.81
underway	8.81
buffer	8.81
dark	8.81
goal	8.81
build	8.81
ip	8.81
suck	8.81
compel	8.81
conclusionsus	8.81
focu	8.82
archaea	8.82
cbl	8.82
saur	8.82
descend	8.82
macro	8.82
check	8.83
dissimilar	8.83
taxon	8.83
lycopersicum	8.83
failur	8.83
allow	8.83
interf	8.836
denot	8.836
spatio	8.836
zyd00006	8.836
analog	8.836
entitl	8.836
nsf	8.836
who	8.836
readi	8.84
ethanolamin	8.84
forrest	8.84
pentatricopeptid	8.84
cut	8.85
myc2	8.85
abort	8.85
parasponia	8.85
odd	8.85
matrix	8.85
priorit	8.86
blastp	8.86
cardiovascular	8.86
revolution	8.86
print	8.86
quercetin	8.86
ms6	8.86
yr	8.86
malonyl	8.87
dissect	8.87
amount	8.87
mix	8.875
esr	8.875
cumul	8.875
colinear	8.875
gmmyb176	8.875
circular	8.875
integras	8.88
destabil	8.88
penetr	8.88
wgd	8.88
amylas	8.88
atla	8.88
fasta	8.89
rrblup	8.89
oxaloacet	8.89
confront	8.89
lec1	8.89
give	8.9
gmcol1	8.9
sensori	8.9
reorgan	8.9
zipper	8.9
impos	8.91
indetermin	8.91
greatest	8.91
overrepres	8.91
prenyltransferas	8.914
mendelian	8.92
dephosphoryl	8.92
wue	8.92
endoglucanas	8.92
paleo	8.92
nourish	8.92
gm19	8.92
lox	8.92
bip	8.92
prerequisit	8.92
ma	8.92
imbib	8.92
transmiss	8.92
cyclin	8.92
nonautonom	8.93
mir1510	8.93
revert	8.93
last	8.93
arabl	8.93
abscis	8.93
stink	8.93
canola	8.94
vivo	8.94
rdr	8.94
r1	8.94
morpho	8.94
zat	8.94
brassica_rapa	8.945
intra	8.945
ripen	8.945
sulfurylas	8.945
nn	8.945
motiv	8.95
interconvers	8.95
qpdh1	8.95
apex	8.95
foreign	8.96
majorli	8.96
undetect	8.96
japanes	8.96
reniform	8.96
iaa	8.97
split	8.97
escherichia_coli	8.97
sc	8.97
coregul	8.97
anhydras	8.97
trend	8.97
mild	8.98
regress	8.98
chimer	8.98
weakli	8.98
ignor	8.98
therebi	8.984
sg	8.984
survey	8.984
lox2	8.984
reactiv	8.99
export	8.99
svp	8.99
radicl	8.99
hair	9.0
kinom	9.0
unfamiliar	9.0
d3	9.0
rps7	9.0
pvnark	9.0
zygot	9.0
chenopodium	9.0
pinpoint	9.0
plethora	9.01
invalu	9.01
ccch	9.01
insight	9.01
phb	9.016
benchmark	9.016
breakdown	9.016
retrotransposit	9.02
tcp	9.02
f5	9.02
gata	9.02
isoenzym	9.03
w05	9.03
neglig	9.03
symbiont	9.03
gmric1	9.03
kinet	9.04
anthracnos	9.04
endem	9.04
bud	9.04
subtilisin	9.04
drug	9.04
verif	9.04
gsh	9.05
polyploidi	9.05
urgent	9.05
hot	9.05
backbon	9.05
tight	9.05
weaken	9.055
prior	9.055
coher	9.055
albino	9.055
theori	9.055
attach	9.055
cri	9.055
east	9.055
speciat	9.055
amen	9.06
fus3	9.06
fresh	9.06
hijack	9.06
zhonghuang	9.06
mesophyl	9.06
endoplasm	9.07
dioxygenas	9.07
bifc	9.07
elucid	9.07
step	9.08
canadian	9.08
soyasapogenol	9.08
landmark	9.08
stachyos	9.08
protist	9.08
mycorrh	9.08
thicker	9.08
flow	9.08
gmchli	9.08
discuss	9.086
pl	9.09
epistat	9.09
neglect	9.1
gmfad3	9.1
ssh	9.1
hydrophob	9.1
gland	9.1
superoxid	9.1
potyviru	9.1
automat	9.11
await	9.11
speak	9.11
exacerb	9.11
competitor	9.11
unsuccess	9.11
wing	9.11
f4	9.11
clue	9.12
mock	9.12
migrat	9.12
m1	9.12
gametophyt	9.12
t0	9.125
signifi	9.125
keep	9.125
agreement	9.125
gmshmt08	9.125
bioethanol	9.125
htg	9.125
socio	9.125
incid	9.125
redox	9.125
rps1	9.13
tribe	9.13
minimum	9.13
gmugt	9.13
anther	9.13
hour	9.13
oligo	9.14
feedstock	9.15
proteinas	9.15
pyruv	9.15
assimil	9.16
coat	9.16
kept	9.16
resili	9.16
irrespect	9.16
hexokinas	9.16
cgh	9.164
strawberri	9.164
callos	9.164
mir160	9.164
begin	9.164
subtilas	9.164
bowman	9.164
address	9.164
biotechnolog	9.17
antagon	9.17
lie	9.17
surround	9.18
cnl	9.18
informat	9.18
burst	9.18
reticulum	9.19
bulg	9.19
lablab	9.19
poz	9.19
vq	9.19
rl	9.19
highest	9.195
rpp1	9.195
titrat	9.195
gram	9.195
malic	9.195
iic	9.195
rout	9.2
meristem	9.2
endow	9.2
mpk4	9.2
aros	9.2
hierarch	9.2
paten	9.2
p1b	9.2
lactat	9.2
upstream	9.21
antagonist	9.21
hkt	9.21
heinong	9.22
tendenc	9.22
expans	9.22
injuri	9.22
irrig	9.22
expectedli	9.22
nomin	9.22
midwest	9.22
ful	9.22
soyfood	9.22
seemingli	9.22
nir	9.22
incap	9.22
explant	9.22
latitudin	9.23
strike	9.23
arm	9.23
poacea	9.234
wt	9.234
paradigm	9.234
remark	9.234
reject	9.24
gmhapmap	9.24
gamma	9.24
rise	9.24
behind	9.24
partit	9.25
recal	9.25
rosacea	9.25
accas	9.25
log2	9.25
multipurpos	9.25
epsilon	9.25
fukuyutaka	9.25
strengthen	9.25
curat	9.26
blup	9.26
ethyl	9.26
gmacp1	9.26
foxtail	9.26
divis	9.26
mycorrhiza	9.26
no3	9.26
terpenoid	9.26
regulon	9.266
epoxi	9.266
egg	9.266
unravel	9.266
draft	9.266
synthetas	9.27
cassett	9.27
etm	9.27
apoplast	9.27
vpd	9.27
rpl	9.27
brief	9.27
reagent	9.28
basi	9.28
overli	9.28
europ	9.28
bacterium	9.28
ppd	9.29
detoxifi	9.29
yb	9.29
tmt	9.29
iqd	9.29
m23	9.29
reserv	9.3
isomeras	9.3
greenhous	9.3
aim	9.3
l1	9.305
elf4	9.305
mini	9.305
aggress	9.305
rotat	9.305
overlook	9.305
acyltransferas	9.31
recapitul	9.31
secondli	9.31
macromolecul	9.31
solubil	9.31
ureolyt	9.31
homogentis	9.31
f1	9.31
optic	9.32
bionano	9.32
poultri	9.32
messag	9.33
ms5	9.33
surpris	9.33
internod	9.33
fatb1a	9.33
ft2a	9.33
nuclei	9.33
south	9.336
american	9.336
acetolact	9.336
conclusionsto	9.336
monomorph	9.336
postinocul	9.336
anemia	9.336
cop1	9.336
gli	9.336
flavanon	9.34
reciproc	9.34
hexaploid	9.34
smart	9.34
conif	9.35
litura	9.36
clarifi	9.36
grape	9.36
fabriciu	9.36
tmt3	9.36
aza	9.36
polysaccharid	9.36
order	9.37
interspeci	9.37
go	9.37
ap1	9.375
tir	9.375
abstractse	9.375
loti	9.375
sthe	9.375
mir398	9.375
advanc	9.375
bioassay	9.375
tile	9.38
disclos	9.38
gm18	9.39
quantum	9.39
psg	9.39
rsv3	9.39
vig	9.4
nascent	9.4
isogen	9.4
transit	9.41
chg	9.41
dx	9.41
nonsens	9.41
max2	9.41
hypermethyl	9.41
ifr	9.41
subtl	9.414
prolifer	9.414
sometim	9.42
notion	9.42
hypothesi	9.42
phosphatidylethanolamin	9.43
ankyrin	9.43
hydrophil	9.43
rhizospher	9.44
triticum	9.44
pervas	9.44
formid	9.44
abrupt	9.44
tropospher	9.44
unambigu	9.44
big	9.445
permit	9.445
d2	9.445
resultsfrom	9.445
relay	9.445
fd	9.445
seen	9.445
ln	9.445
dmr	9.445
mesoamerican	9.47
makeup	9.47
ifs2	9.47
hybridis	9.47
diversif	9.47
glutamin	9.47
chamber	9.47
carboxypeptidas	9.47
hsp90	9.48
populus_trichocarpa	9.48
utmost	9.48
au	9.48
genevestig	9.48
break	9.484
ancestr	9.484
dilut	9.484
rhizogen	9.49
purin	9.49
histori	9.49
scan	9.49
nramp	9.49
solexa	9.5
interior	9.5
ku	9.5
incom	9.5
abolish	9.5
highlight	9.51
approv	9.51
pro	9.51
rosett	9.51
prolyl	9.516
mtp	9.516
below	9.516
donor	9.516
summer	9.52
hap	9.53
rxlr	9.53
hydroxi	9.53
chx	9.54
glycol	9.54
heterozygot	9.54
fission	9.54
osmoprotect	9.54
clark	9.54
gut	9.55
oleic	9.55
oligosaccharid	9.55
junction	9.55
rk	9.55
voltag	9.55
imped	9.555
bioengin	9.555
sea	9.555
categoris	9.555
companion	9.555
itc	9.555
emit	9.555
hemolyt	9.555
past	9.555
helic	9.555
pca	9.56
ascrib	9.56
gamet	9.56
gbrows	9.56
gum	9.56
fusarium_oxysporum	9.56
decad	9.56
thoroughli	9.56
flesh	9.57
inadequ	9.57
insensit	9.57
cyclic	9.57
polyethylen	9.58
africa	9.58
eif5a	9.586
amyrin	9.586
predat	9.586
mir156	9.586
statu	9.586
suspens	9.59
undomest	9.59
prunu	9.59
bait	9.6
hypoallergen	9.6
meristemat	9.6
organis	9.6
thrip	9.6
aleuron	9.6
soysnp6k	9.61
electr	9.61
thereaft	9.62
aestivum	9.62
smoke	9.62
paper	9.625
pictur	9.625
sibl	9.625
pic	9.625
glyi	9.63
glyii	9.63
arabinogalactan	9.63
crystal	9.63
sc7	9.63
ppase	9.63
concord	9.64
retain	9.64
gmap2	9.64
invent	9.64
spore	9.64
silico	9.64
microscopi	9.65
intuit	9.65
meet	9.65
vast	9.65
descript	9.65
pistil	9.66
diminish	9.66
cx1834	9.66
hmm	9.66
versa	9.66
vice	9.66
browser	9.66
top	9.664
kda	9.664
gmdreb1	9.664
petunia	9.664
shine	9.664
leader	9.664
factori	9.664
feral	9.664
distinctli	9.664
hemibiotroph	9.67
bioscienc	9.67
c2h2	9.67
elimin	9.67
fatti	9.67
tof5	9.67
hunger	9.67
irlc	9.67
sunflow	9.68
let	9.68
meaning	9.68
pr	9.68
utr	9.69
amin	9.69
inevit	9.69
photomorphogenesi	9.69
habit	9.695
degre	9.695
geminivirus	9.695
regardless	9.695
daidzein	9.7
amf	9.7
assist	9.7
ll	9.7
soya	9.7
microtubul	9.72
tractabl	9.72
conrad	9.72
ambigu	9.72
absolut	9.72
precipit	9.73
isozym	9.73
monogastr	9.73
corn	9.73
hydrolyt	9.734
pulvinu	9.734
ambient	9.734
gray	9.734
indian	9.74
antinutrit	9.74
yc	9.74
aspect	9.74
ligand	9.74
botan	9.75
displac	9.75
resultsthi	9.75
serrat	9.75
mir394a	9.75
fe2	9.75
behav	9.75
edger	9.75
bradyrhizobium_japonicum	9.75
inflammatori	9.76
cytoskelet	9.76
sulfoxid	9.76
hitherto	9.76
mediterranean	9.76
identif	9.766
prolong	9.766
microsom	9.77
fulfil	9.77
iv	9.77
absorpt	9.77
trichopoda	9.77
ovul	9.77
benzylaminopurin	9.78
husbandri	9.78
gmnac085	9.78
polym	9.78
tubulin	9.78
oxidoreductas	9.78
phi	9.78
andean	9.79
globe	9.8
outer	9.8
skeleton	9.8
rainf	9.8
recipi	9.8
tua5	9.8
leu	9.8
action	9.8
exud	9.805
vacuol	9.805
polyacrylamid	9.805
unexpectedli	9.81
wave	9.81
pigeon	9.82
wax	9.82
subfunction	9.82
karyotyp	9.83
lastli	9.83
ncrna	9.83
landscap	9.83
wise	9.836
know	9.836
sought	9.836
t3	9.836
corrobor	9.836
avirul	9.836
uninocul	9.836
duplex	9.836
preced	9.84
monomer	9.84
thermal	9.84
ancestor	9.84
glutam	9.84
endonucleas	9.84
stimulu	9.84
abundantli	9.85
steadili	9.85
cyp93a1	9.85
sixti	9.86
cb27	9.86
sutur	9.86
state	9.87
fructos	9.87
c08	9.87
transduct	9.875
tetramer	9.875
nac1	9.875
gbp	9.875
offspr	9.875
counter	9.875
a17	9.88
unclassifi	9.88
harsh	9.88
provinc	9.88
brachypodium	9.88
indirect	9.88
situ	9.88
inbr	9.89
sut	9.89
ribonucleotid	9.89
bimod	9.89
methylerythritol	9.89
objectiveto	9.89
xanthocera	9.89
glycyrrhiza	9.89
epitop	9.89
cuc2	9.89
phytic	9.89
microbiom	9.9
gmaat	9.9
mir	9.9
hordeum	9.9
extrus	9.9
onion	9.91
kingdom	9.914
g7	9.914
spatholobus_suberectu	9.92
kinship	9.92
drawn	9.92
ol	9.92
discolor	9.92
anchor	9.92
gmnf	9.92
hh103	9.92
endosperm	9.93
rhythm	9.93
confin	9.94
pale	9.94
carboxi	9.94
begomoviru	9.94
ccd8	9.94
histochem	9.94
oscil	9.94
mother	9.945
somewhat	9.945
p1	9.945
lysm	9.945
discern	9.945
sgrna	9.945
obstacl	9.95
lc	9.95
oac	9.95
bentazon	9.95
biologist	9.95
memori	9.96
sc4	9.96
abi4	9.96
eti	9.97
glucosyltransferas	9.97
back	9.97
nonnodul	9.97
amelior	9.97
lag	9.98
dimens	9.98
deciph	9.98
latent	9.98
hydropon	9.984
rop	9.984
conglycinin	9.99
catalog	10.0
thread	10.0
sos1	10.0
gmifs2	10.0
unpredict	10.0
fight	10.0
raf	10.0
intermediari	10.0
mesoamerica	10.0
evok	10.0
aerob	10.0
henong	10.0
microsynteni	10.01
zp	10.01
portal	10.01
sow	10.016
depth	10.016
add	10.016
usda	10.016
error	10.02
euchromatin	10.02
mf	10.02
sodium	10.02
gh3	10.02
selaginella	10.02
br16	10.03
hydroperoxid	10.03
interrupt	10.04
shorten	10.04
apertur	10.04
homeologu	10.04
cry1	10.04
fidel	10.04
draw	10.04
phytoen	10.05
portion	10.05
usda110	10.055
sinorhizobium_meliloti	10.055
gm15	10.06
wp	10.06
nonspecif	10.06
outstand	10.06
vine	10.06
man	10.06
led	10.07
sensor	10.07
hai	10.07
microdomain	10.07
occurr	10.08
thr	10.08
zigongdongd	10.08
finish	10.08
stretch	10.08
round	10.08
mta	10.086
nlp	10.086
deacetylas	10.09
singleton	10.09
dock	10.09
gmo	10.09
cargo	10.09
hyper	10.09
symrk	10.1
aldehyd	10.1
fluid	10.1
toolkit	10.1
zeatin	10.1
hypox	10.1
mainten	10.11
expertis	10.11
instal	10.11
conclusionsgen	10.11
chocol	10.11
imbalanc	10.11
sydow	10.11
eucalyptu	10.11
zone	10.11
updat	10.12
aux	10.12
notic	10.12
parp	10.12
digit	10.12
pinacea	10.12
oxoglutar	10.12
chlorid	10.125
autotetraploid	10.125
polyphenol	10.125
ga20ox	10.125
unstress	10.125
deem	10.125
centromer	10.125
conclusionsthes	10.125
latter	10.13
sink	10.13
globulin	10.14
constan	10.14
edamam	10.14
devic	10.14
usa	10.15
transposas	10.15
valley	10.16
conclusionsgenom	10.16
timber	10.16
prepropeptid	10.16
bel1	10.16
silver	10.164
grapevin	10.164
maldi	10.164
transduc	10.164
polish	10.164
mind	10.164
pif3	10.164
tannin	10.17
choos	10.17
carpel	10.17
phosphatid	10.17
oxal	10.17
barcsoyssr_1_0	10.19
zhongpin03	10.19
wrinkled1	10.19
pertin	10.19
devis	10.19
rhizophagus_intraradic	10.19
counteract	10.19
juglandacea	10.195
discrep	10.195
agroecosystem	10.195
nox	10.195
respiratori	10.195
cbf	10.195
upward	10.2
xet	10.2
cpg	10.2
paid	10.2
stratospher	10.2
gypsi	10.2
commun	10.2
satisfi	10.2
jasmon	10.2
beadchip	10.2
salicyl	10.21
ka	10.21
nadp	10.22
horticultur	10.22
ring	10.22
surg	10.22
urban	10.22
ji	10.22
physiochem	10.22
gametogenesi	10.22
progress	10.23
flux	10.23
homoeolog	10.23
juvenil	10.23
gmakt1	10.234
proof	10.234
xyloglucan	10.234
scorch	10.234
gmifs1	10.234
collabor	10.24
ariadn	10.24
chr7	10.24
nsp1	10.24
dep	10.25
preprocess	10.25
gsk3	10.25
acetylglucosamin	10.25
trx	10.25
hemispher	10.25
triticea	10.25
uralensi	10.25
rlp	10.26
biotic	10.26
sn14	10.26
cpk	10.26
understand	10.27
run	10.27
tune	10.27
trimer	10.28
educ	10.28
vegetarian	10.28
ein3	10.28
ration	10.28
fpc	10.28
sam	10.28
mir172	10.28
triticum_aestivum	10.28
transgress	10.29
deregul	10.3
gmpt1	10.3
chelatas	10.3
glucuron	10.3
hma	10.3
moieti	10.305
dinucleotid	10.31
interspers	10.31
fredii	10.31
bs	10.32
brain	10.32
heterozygos	10.33
gm17	10.33
dreb2a	10.33
inclus	10.33
wox	10.33
necessarili	10.336
ccbau45436	10.336
alkyl	10.336
punctat	10.336
foci	10.336
underpin	10.336
phenolog	10.336
pufa	10.336
genorm	10.336
penalti	10.34
y2h	10.34
filtrat	10.34
sc8	10.34
scientif	10.35
gather	10.35
withstand	10.35
epigenom	10.35
latest	10.35
d1	10.36
desaturas	10.36
gmpap	10.36
evenli	10.36
simpleprob	10.36
gmphr1	10.36
gmbzip1	10.36
presenc	10.36
e4	10.37
physcomitrella	10.37
rb	10.37
configur	10.375
dtm	10.375
gave	10.375
cloud	10.375
assumpt	10.375
longev	10.375
antirrhinum	10.375
soft	10.375
f3	10.38
pine	10.39
determinaci	10.39
foundat	10.4
beyond	10.4
myo	10.4
etli	10.4
ferric	10.4
utilis	10.4
antibiosi	10.41
invert	10.41
pdi	10.41
bamboo	10.41
concert	10.41
scarciti	10.41
shortag	10.41
dfr2	10.41
vapor	10.414
closer	10.414
revolut	10.414
apic	10.42
ionom	10.42
novelti	10.43
qualit	10.43
akt1	10.43
embryophyt	10.43
drop	10.43
mep	10.43
speed	10.43
disciplinari	10.44
immunoglobulin	10.44
cop	10.44
iid	10.44
hydroxyprolin	10.44
pr1	10.44
cyp78a	10.44
dedifferenti	10.445
photoprotect	10.445
sand	10.445
mere	10.445
influx	10.445
erebp	10.45
catalysi	10.46
disulfid	10.46
clv3	10.47
unintend	10.47
cupin	10.47
denomin	10.48
cotyledonari	10.48
biodivers	10.49
mir156b	10.49
driver	10.49
siliqu	10.5
fu	10.5
preclud	10.5
citric	10.5
bryophyta	10.5
unequivoc	10.5
tryptic	10.5
agroinfiltr	10.51
guard	10.516
drag	10.516
multidrug	10.516
viridiplanta	10.52
ef	10.53
gtp	10.53
loosen	10.53
northeast	10.54
poli	10.54
labor	10.54
difficulti	10.55
sixth	10.55
asteracea	10.55
r108	10.55
grassland	10.55
vit	10.55
ultra	10.555
awar	10.555
bcl	10.555
nn86	10.555
sauc	10.555
dystrophi	10.56
tn	10.56
zero	10.56
reson	10.56
strict	10.56
intim	10.56
deoxyribonucl	10.56
njcms1b	10.56
rubisco	10.56
axe	10.56
glucos	10.57
anaerob	10.57
cp	10.57
upr	10.58
dt	10.58
cwi	10.58
rank	10.586
nitrogenas	10.59
ipk1	10.59
templat	10.59
rfo	10.59
subtelomer	10.59
globular	10.6
snv	10.6
dollar	10.6
mileston	10.61
ccd7	10.61
leghemoglobin	10.61
mottl	10.61
agam	10.62
tube	10.625
syncytia	10.625
cholesterol	10.625
pspg	10.625
delici	10.625
lifestyl	10.63
moso	10.63
extent	10.63
ct	10.63
oleat	10.64
undertak	10.64
inspir	10.64
legumeip	10.64
era	10.65
maf	10.66
hectar	10.66
metabolon	10.66
conveni	10.664
shrink	10.664
indistinguish	10.664
conclusionthes	10.664
pectat	10.664
plate	10.664
uncertainti	10.664
wri1	10.67
ra	10.67
rpkm	10.68
allen	10.68
cryptic	10.68
zfp	10.68
isolin	10.68
resid	10.69
laid	10.69
evinc	10.69
biphas	10.69
cotyledon1	10.695
gravitrop	10.7
mir169	10.7
gall	10.71
sterol	10.71
meja	10.71
context	10.72
methanesulfon	10.72
bes1	10.72
ginseng	10.72
recurs	10.72
fad	10.73
mapman	10.73
calcul	10.73
mat	10.734
cytometri	10.734
privat	10.734
w1	10.74
warrant	10.74
apx	10.74
suit	10.74
physicochem	10.75
suinong	10.75
coil	10.75
nced3	10.75
bioproduct	10.75
vision	10.75
stack	10.76
polyunsatur	10.76
oligom	10.76
compens	10.766
autonom	10.766
uncondit	10.77
temporari	10.78
formula	10.78
heterotroph	10.78
actinomycet	10.78
contrari	10.8
rg	10.8
glyma03g03360	10.8
night	10.8
adult	10.8
review	10.805
lsd1	10.805
desi	10.805
gmft5a	10.805
ome	10.81
xerophyt	10.81
interdepend	10.81
sweep	10.82
chicken	10.83
pericentromer	10.83
preselect	10.836
sba	10.836
cytogenet	10.836
gcc	10.836
zim	10.836
interconnect	10.84
dhar	10.84
linolen	10.84
navig	10.84
nodal	10.85
osmolyt	10.85
onset	10.85
barcod	10.86
zgdd	10.86
galegoid	10.86
khco3	10.875
placement	10.875
gmrbohb	10.875
labil	10.875
entri	10.875
hydroxyisoflavanon	10.875
dgat3	10.875
pioneer	10.88
pathotyp	10.88
phytotoxin	10.88
redundantli	10.88
axillari	10.88
gmskor	10.89
messagegenet	10.89
xiao	10.89
titanium	10.89
lysi	10.89
normfind	10.89
bigger	10.89
stay	10.9
russian	10.9
ureg	10.9
pht1	10.9
oldest	10.91
exact	10.91
hope	10.91
xth	10.91
infinium	10.914
retent	10.914
gm02	10.92
inner	10.94
pgpr	10.94
heterodera	10.94
iq	10.945
acreag	10.945
shed	10.95
rhg4	10.95
theoret	10.95
glycinin	10.95
miniatur	10.96
gmric2	10.96
instantan	10.96
chronic	10.96
kaspar	10.96
criterion	10.97
williams82	10.97
omega	10.98
g2	10.98
nicotianamin	10.984
gmelf3a	10.984
primordia	10.984
cup	11.0
appeal	11.0
abstractflow	11.0
vermiculit	11.0
comt	11.0
brassical	11.0
social	11.0
conquista	11.0
circumv	11.0
hemicellulos	11.0
jointli	11.0
nearbi	11.0
ppm	11.0
glyma1	11.0
embryogen	11.01
h4	11.01
compartment	11.016
tuberosum	11.016
episod	11.016
fw	11.02
thermotoler	11.03
guineensi	11.03
bank	11.03
dt1	11.03
bimolecular	11.04
kaempferol	11.04
broaden	11.04
disabl	11.04
gmubi	11.04
kernel	11.05
soften	11.05
repertoir	11.05
galactomannan	11.055
fruitful	11.055
kasp	11.06
unanchor	11.06
bragg	11.06
malectin	11.06
escal	11.06
acetylserin	11.06
liber	11.06
pv09	11.06
monooxygenas	11.06
polygen	11.08
algal	11.08
panicl	11.08
began	11.08
bare	11.08
pacif	11.08
redistribut	11.08
pyrophosph	11.086
twice	11.09
vulgar	11.09
fls2	11.09
mrp	11.09
cutin	11.09
oxford	11.1
whorl	11.1
transfect	11.1
older	11.1
dismutas	11.11
intraradic	11.11
bahd	11.11
societ	11.11
epicatechin	11.11
aulacorthum	11.11
amphidiploid	11.11
sphingolipid	11.11
n50	11.11
lr	11.12
w82	11.12
rag	11.12
nanj	11.12
bacillu	11.12
luciferas	11.125
caroten	11.125
lap	11.125
unpublish	11.125
meloidogyn	11.125
wg	11.13
isoelectr	11.13
d1a	11.14
cosmet	11.14
sdw	11.15
elf1b	11.15
hpi	11.16
encourag	11.16
analogu	11.164
circumst	11.164
lipoxygenas	11.164
distachyon	11.17
bred	11.17
succin	11.17
sloan	11.19
resultsus	11.19
cinnam	11.19
atnhx1	11.19
tackl	11.19
perman	11.19
cyclophilin	11.19
isotherm	11.19
peroxiredoxin	11.19
calorimetri	11.19
suboptim	11.19
crude	11.19
unfold	11.19
just	11.195
logic	11.195
nip	11.195
soysnp50k	11.195
slowli	11.2
incipi	11.2
spcas9	11.2
dihydroflavonol	11.2
unbias	11.21
ioniz	11.22
embrapa	11.22
resultstranscriptom	11.22
pterocarpan	11.22
southeastern	11.22
sulfhydrylas	11.22
agglutinin	11.22
zh	11.22
c18	11.23
golden	11.23
wd40	11.23
leafi	11.23
oxo	11.234
clavata3	11.24
cat	11.24
inbreed	11.25
germlin	11.25
dichlorophenoxyacet	11.25
pari	11.25
beverag	11.25
rescu	11.26
kin	11.266
neofunction	11.266
middl	11.27
scar	11.28
semiarid	11.28
cucurbit	11.28
meme	11.29
necrot	11.29
younger	11.29
jcvi	11.305
straightforward	11.31
dre	11.31
brassicacea	11.32
gm16	11.32
nucleosid	11.33
condens	11.33
hook	11.33
cmlm	11.33
chanc	11.33
upload	11.336
aliphat	11.336
biosafeti	11.336
glasshous	11.336
translocon	11.336
spring	11.336
aspergillu	11.336
nation	11.336
melt	11.34
crack	11.35
sad	11.36
tnl	11.37
viti	11.37
nezumisaya	11.37
antixenosi	11.375
usabl	11.375
fourth	11.375
asa	11.38
mlm	11.38
soak	11.38
gmpldα1	11.39
topless	11.39
view	11.39
anticip	11.39
tonoplast	11.4
detach	11.4
metagenom	11.41
c5	11.41
coumar	11.41
cytoskeleton	11.42
ketoacyl	11.42
aeschynomen	11.42
rlm	11.42
nucleas	11.42
hydroxyl	11.42
viii	11.43
g1	11.43
afford	11.44
parenchyma	11.44
mimick	11.44
lettuc	11.44
squa	11.44
ottawa	11.44
die	11.445
stagger	11.445
swine	11.445
gerdemann	11.445
kaufmann	11.445
caenorhabd	11.445
shikim	11.445
taqman	11.445
fungicid	11.45
gatl	11.45
snrk2	11.45
overexpressor	11.47
ppc	11.47
resultsto	11.48
momentum	11.48
gt8	11.484
gmcol1b	11.484
thicken	11.49
r6	11.49
oxysporum	11.49
bcat	11.5
elf3	11.5
titer	11.5
enolas	11.51
trifoli	11.51
empti	11.51
bidirect	11.516
nonhost	11.516
exom	11.52
biophoton	11.52
cortex	11.52
ferredoxin	11.53
oral	11.555
delv	11.555
ribulos	11.555
scrutin	11.555
smallhold	11.555
isom	11.555
spur	11.555
crt	11.555
chapter	11.56
bird	11.56
phyb	11.56
fayett	11.56
methan	11.56
iselect	11.57
gibberel	11.57
wherein	11.57
areb	11.58
matric	11.58
indonesian	11.58
tailor	11.59
confoc	11.6
mirnaom	11.6
colleagu	11.6
tandemli	11.6
instrument	11.61
phosphosit	11.61
bring	11.61
mitogen	11.62
tmd	11.62
primordi	11.625
prevail	11.64
ring1	11.64
lsc	11.64
bestkeep	11.64
hilum	11.664
spider	11.664
batch	11.664
excret	11.664
soysnp8k	11.664
unaccept	11.664
peptidyl	11.664
g3	11.664
absenc	11.664
breakpoint	11.67
nmr	11.68
taproot	11.68
bell	11.69
extremophil	11.69
messageus	11.69
fate	11.69
smallest	11.695
gmwrky46	11.695
fiskebi	11.7
arc	11.7
ancestri	11.71
inconsist	11.72
newer	11.72
multilocu	11.72
helitron	11.72
grf	11.73
bicolor	11.73
bundl	11.73
extant	11.73
fragaria	11.73
rex	11.734
lox1	11.74
indol	11.75
calli	11.75
overview	11.76
adenin	11.76
linol	11.76
pave	11.766
cacta	11.77
o2	11.77
interproscan	11.77
gy1	11.77
breadth	11.78
retin	11.78
gmmax2	11.78
rps1b	11.78
mont	11.78
gm07	11.78
sown	11.78
carlo	11.78
strip	11.78
ex	11.78
gmft4	11.8
widen	11.8
dsp	11.8
zfn	11.81
gm10	11.81
dye	11.81
devot	11.81
trichocarpa	11.81
rj1	11.83
vernal	11.83
km	11.83
soyasaponin	11.83
kelch	11.836
amongst	11.836
skn	11.836
grand	11.84
lay	11.84
ile	11.84
myc	11.85
pamp	11.85
interrog	11.85
dodder	11.86
hefeng25	11.86
gmsoc1	11.86
exemplifi	11.86
rd22	11.87
kabuli	11.875
coimmunoprecipit	11.875
simplic	11.88
slide	11.88
brows	11.88
lathyru	11.89
unload	11.89
fad7	11.89
leakag	11.89
relax	11.9
h3k27me3	11.9
glucuronidas	11.9
electrolyt	11.91
footprint	11.91
conjunct	11.914
untransform	11.92
manuscript	11.92
covari	11.92
outlin	11.92
exo70	11.94
floret	11.94
vc1973a	11.94
problemat	11.94
interplay	11.94
fbox	11.94
bioenergi	11.945
unavail	11.945
chew	11.96
discret	11.96
bri1	11.97
catalas	11.97
eighti	11.97
proxi	11.97
r7	11.98
gmipk1	11.984
rnp	11.984
h3k4me3	11.984
rhl	11.984
quit	11.99
manifest	11.99
simplifi	12.0
h1	12.0
ichinoh	12.0
hexos	12.0
italica	12.0
setaria	12.0
gmfatb1a	12.0
unavoid	12.0
like2	12.0
gigant	12.0
gmfad3b	12.0
arboretum	12.0
potenc	12.0
aforement	12.0
sulfon	12.0
ti	12.0
moshid	12.0
jump	12.0
summar	12.01
gmagl15	12.016
svm	12.016
dosag	12.016
nowaday	12.03
ft5a	12.03
pseudomolecul	12.03
adventiti	12.03
quick	12.03
decod	12.03
triterpen	12.03
apetala	12.04
basin	12.04
thailand	12.04
dival	12.04
roughli	12.04
bia	12.05
swiss	12.05
organism	12.05
ga3	12.055
restructur	12.055
ptm	12.055
worthi	12.06
plex	12.06
digen	12.06
return	12.06
hx3	12.08
spite	12.08
glass	12.086
ddmp	12.086
cyc	12.1
adh	12.1
descriptionw	12.11
ordinari	12.11
kf	12.11
spotlight	12.11
trehalos	12.12
selaginella_moellendorffii	12.12
js	12.12
thin	12.12
sunlight	12.125
therapeut	12.125
outward	12.125
phosphatidylcholin	12.125
palaeopolyploid	12.125
confound	12.125
inferior	12.125
ef1a	12.125
adenosylmethionin	12.125
phya	12.13
caca	12.13
untransl	12.14
glucan	12.14
photosystem	12.14
f7	12.14
tricarboxyl	12.14
cyanobacteria	12.14
ontolog	12.15
snpp	12.15
freshwat	12.16
stigma	12.16
coumestan	12.16
frost	12.16
aphi	12.164
ineffect	12.164
answer	12.164
peg6000	12.164
intoler	12.17
rpp3	12.17
correctli	12.18
incept	12.18
communi	12.19
initio	12.19
tassel	12.19
marchantia	12.19
skp	12.19
equat	12.19
atlas	12.195
phytotox	12.2
gmtip	12.2
gwe	12.2
interactor	12.2
mbw	12.2
soc1	12.21
oocyt	12.22
a1b	12.22
endur	12.22
knowledgebas	12.22
susten	12.22
catharanthu	12.22
synthase1	12.22
h8	12.22
bee	12.22
sensat	12.22
immobil	12.23
technic	12.23
reinhardtii	12.24
redirect	12.25
ncl	12.25
mutmap	12.25
resultsanalysi	12.25
pusa	12.25
briefli	12.26
appreci	12.266
profit	12.266
bcmv	12.266
caryophyllal	12.27
ribos	12.28
wealth	12.28
homozygos	12.29
envelop	12.29
fact	12.3
gmfulc	12.31
probabilist	12.31
keyword	12.31
zml	12.32
solo	12.32
biallel	12.336
reviv	12.336
evad	12.336
mcscanx	12.336
reservoir	12.34
zea	12.35
demethyl	12.35
antibiot	12.36
precoci	12.36
textil	12.36
bossier	12.36
vessel	12.36
lhi	12.37
cauliflow	12.375
plenti	12.375
denser	12.375
envisag	12.375
pace	12.38
apetala2	12.38
cuticl	12.38
vicin	12.39
subgenom	12.39
magellan	12.39
tapetum	12.39
a9	12.39
concomit	12.4
thick	12.4
dicarboxyl	12.41
hurdl	12.41
stearoyl	12.41
took	12.43
conclusionin	12.43
upgrad	12.43
instabl	12.44
biofortifi	12.44
bake	12.44
nich	12.445
resin	12.445
chitosan	12.445
biotinyl	12.445
arriv	12.445
flourish	12.445
stepwis	12.445
kariyutaka	12.445
gmptf1	12.45
microbiota	12.45
whilst	12.46
autoregul	12.46
genomewid	12.47
gpat	12.48
upper	12.49
bisulfit	12.5
arguabl	12.5
erect	12.5
cosegreg	12.516
textur	12.516
anthocyanidin	12.516
qsw17	12.52
enclos	12.53
njcms1a	12.53
ho	12.53
nontransgen	12.53
lbd	12.53
strateg	12.55
phytyltransferas	12.555
promptli	12.555
tal	12.555
schmutz	12.555
dialogu	12.555
dimethyl	12.555
conclusionscollect	12.555
imprint	12.555
mmol	12.555
permut	12.555
peronospora	12.555
manshurica	12.555
enlighten	12.56
icc4958	12.56
metaboliz	12.56
serum	12.56
emphasi	12.56
rc	12.57
tata	12.58
xenopu	12.586
daf	12.59
triplic	12.6
purg	12.61
soyasnp	12.62
like1	12.625
dt2	12.625
moellendorffii	12.64
v94	12.64
aminocyclopropan	12.64
gm04	12.64
flcdna	12.64
kegg	12.65
incognita	12.66
axi	12.664
microel	12.664
glycom	12.664
tgacg	12.664
gmfad3c	12.664
aflp	12.67
accessori	12.68
ricinu	12.68
intensifi	12.68
puriti	12.68
glyoxyl	12.69
hyacinth	12.69
hydroxymethyltransferas	12.695
ribonucleoprotein	12.695
prototyp	12.7
h2	12.7
pve	12.7
calcineurin	12.72
coevolutionari	12.72
ahead	12.72
wayao	12.72
understudi	12.72
bias	12.74
gy	12.74
glycerol	12.75
emphas	12.75
deepen	12.75
joint	12.75
insolubl	12.78
lumin	12.78
drawback	12.78
tetratricopeptid	12.78
froger	12.78
foster	12.78
esteras	12.8
asset	12.8
grade	12.805
supersag	12.805
ataf	12.805
chlorophyt	12.81
spray	12.81
mh	12.81
disc	12.81
epidermi	12.836
coral	12.84
sharpli	12.84
asp	12.84
prey	12.84
alloc	12.84
hetero	12.85
gmshmt	12.86
telomer	12.87
scope	12.875
realiz	12.875
zhongdou	12.875
hap2	12.875
revisit	12.875
anova	12.875
dormant	12.875
standpoint	12.89
bd	12.89
unreport	12.89
redesign	12.9
photochem	12.9
apparatu	12.91
lowest	12.91
discard	12.914
birk	12.92
icc	12.92
spad	12.92
disadvantag	12.94
stf1	12.94
asterid	12.94
delta	12.95
dawn	12.96
gmftl	12.96
epoxycarotenoid	12.96
dowl	12.96
daidzin	12.97
ya	12.98
fourfold	12.984
art	13.0
f8	13.0
danbaekkong	13.0
isopentenyl	13.0
tract	13.0
underexplor	13.0
crucif	13.0
influenti	13.0
stk	13.0
gmnhx1	13.0
tas3	13.0
hutcheson	13.0
phosphorelay	13.0
pb	13.0
illumin	13.02
maltos	13.02
hdr	13.02
mapkkk	13.03
matern	13.03
mathemat	13.04
axiom	13.04
paint	13.04
rhizobacteria	13.04
away	13.04
aquat	13.05
lipo	13.06
reassembl	13.06
patholog	13.06
c24	13.06
distal	13.07
gy4	13.086
neo	13.1
e1lb	13.1
electrophoret	13.1
sequestr	13.11
zh24	13.11
submiss	13.11
swollen	13.11
orbitrap	13.11
pauciti	13.11
underscor	13.11
refold	13.11
surveil	13.12
necess	13.12
adh1	13.13
allohexaploid	13.14
peach	13.15
paleogenom	13.16
opt	13.16
squamosa	13.16
glc	13.164
magnitud	13.164
clathrin	13.164
saharan	13.17
sepal	13.17
camelina	13.19
dor364	13.19
caffeoyl	13.19
kilobas	13.19
orang	13.19
contigu	13.19
tiefeng	13.195
durat	13.2
sbp	13.2
argu	13.21
zhongpin	13.22
theme	13.23
sum	13.23
coffea	13.24
pearson	13.24
malu	13.25
cuc1	13.25
hypo	13.25
easier	13.25
xiaoheid	13.25
style	13.25
suppressor	13.26
gmnac30	13.266
c3	13.27
meat	13.28
pw	13.28
pv07	13.28
hydraul	13.28
abr	13.3
hexam	13.305
nr	13.305
bradyrhizobia	13.31
columbia	13.31
bop	13.31
ty3	13.31
doubt	13.31
egfp	13.31
interleukin	13.31
infanc	13.32
principl	13.32
nifh	13.336
glyma03g32900	13.336
endosom	13.336
ridg	13.336
qlq	13.336
disturb	13.336
soysnp	13.34
lunatu	13.36
phosphatidylinositol	13.375
lysophospholipid	13.375
rewir	13.39
gmvspβ	13.39
oligopeptid	13.39
mirror	13.4
adaxi	13.4
border	13.4
mir396	13.41
isoclark	13.42
matsumura	13.42
dpph	13.43
gmhsp90	13.43
agre	13.44
reus	13.44
biopolym	13.445
mlp	13.445
multinucl	13.445
curl	13.45
rosid	13.47
multicellular	13.48
wgcna	13.484
har	13.49
pan	13.49
dictat	13.5
ampl	13.5
glycitin	13.5
dehydratas	13.5
vastli	13.5
phytopathogen	13.516
jag1	13.516
mol	13.52
hrm	13.53
regularli	13.53
gate	13.55
cabbag	13.55
ataf1	13.55
qoil	13.555
outgrowth	13.555
inhabit	13.555
methylsulfon	13.555
aaa	13.555
australian	13.555
wherebi	13.555
concaten	13.56
dge	13.57
pyru	13.57
vi	13.59
starv	13.6
comprehend	13.6
object	13.61
f9	13.61
centr	13.61
spruce	13.61
microdissect	13.61
adenosin	13.61
spacer	13.625
specimen	13.625
sedentari	13.625
orthogroup	13.625
palindrom	13.63
camv	13.63
compress	13.64
ruptur	13.664
univari	13.664
repertori	13.664
morn	13.664
insensitive3	13.664
allanto	13.67
ccaat	13.67
malonyldaidzin	13.68
skip	13.69
certainli	13.69
premis	13.69
gmphya1	13.695
str	13.695
uncoupl	13.695
specifi	13.7
boron	13.72
astring	13.734
gmn	13.734
thioesteras	13.74
chr11	13.75
asiat	13.75
rrl	13.75
n24852	13.76
k599	13.76
mannitol	13.766
lpa1	13.77
priori	13.78
geranylgeranyl	13.78
borkh	13.78
indigest	13.78
phospho	13.78
c4h	13.79
heavier	13.805
deeper	13.81
restrain	13.81
prr7	13.81
shat1	13.81
lipidom	13.81
msn	13.83
ndw	13.83
consortium	13.836
intervein	13.836
tumor	13.836
underlin	13.836
v3	13.836
piec	13.85
agl15	13.86
blast2go	13.875
ligat	13.875
book	13.875
supernodul	13.875
recur	13.88
pore	13.88
cytokinesi	13.89
ananassa	13.89
tabular	13.89
eudicotyledon	13.89
sizeabl	13.89
legaci	13.89
spheric	13.89
nrp	13.89
farmcpu	13.89
trypsin	13.9
diagnosi	13.91
domestica	13.91
right	13.92
cercospora	13.92
ward	13.94
arabica	13.94
travers	13.94
kpa	13.94
bradyrhizobium_diazoefficien	13.94
lignocellulos	13.94
jidou	13.945
wgt	13.945
trajectori	13.945
mayb	13.95
nickel	13.96
outcross	13.96
caviti	13.96
gab	13.96
gmnac065	13.97
halo	13.97
pearl	13.984
acet	13.99
breakag	14.0
hardi	14.0
abcc	14.0
gregor	14.0
tertiari	14.0
xenobiot	14.0
macrocycl	14.0
esterifi	14.0
broom	14.0
cone	14.0
birth	14.01
gmwri1a	14.016
whi	14.02
groundnut	14.02
gmdreb1b	14.03
idea	14.04
accommod	14.04
reminisc	14.04
barc	14.04
guilt	14.055
rs2	14.06
symbiosom	14.06
bayfield	14.06
suppos	14.06
herbal	14.086
a0	14.086
claim	14.11
succeed	14.125
galactolipid	14.125
cite	14.125
f6	14.125
d4	14.14
defoli	14.14
facult	14.14
former	14.14
dioxid	14.14
spike	14.15
quadrupl	14.15
pesticid	14.16
centric	14.16
tss	14.16
nhej	14.164
rule	14.17
trace	14.17
unfavour	14.19
push	14.19
column	14.19
citrullu	14.19
hf	14.195
facet	14.195
tof16	14.2
e11	14.2
wgb	14.22
phytochelatin	14.22
embrac	14.22
nitroso	14.22
arrhythmo	14.22
ssn	14.22
minut	14.23
wuschel	14.23
neighbour	14.24
hereditari	14.24
divert	14.25
blueprint	14.25
stamen	14.25
rehydr	14.266
sac	14.28
orchidacea	14.28
vertic	14.28
gmbadh2	14.29
ethic	14.305
biggest	14.32
cad	14.32
yangtz	14.32
interdisciplinari	14.336
thymin	14.336
swe	14.336
bright	14.336
tetranychu	14.336
chorism	14.336
amid	14.336
sulfid	14.336
aquacultur	14.34
mikc	14.35
tfl1	14.36
misfold	14.36
trimethyl	14.36
coalesc	14.36
ant	14.36
tau	14.36
erecta	14.375
epimeras	14.375
q14	14.375
arg	14.38
switchgrass	14.39
trinucleotid	14.39
cwr	14.39
request	14.4
uslp	14.4
phage	14.4
chl	14.41
thaumatin	14.41
vinifera	14.414
tey	14.414
cinnamoyl	14.414
gag	14.44
homodim	14.44
adenosyl	14.44
explos	14.44
mft	14.44
synerg	14.445
suprem	14.445
overus	14.445
ifs1	14.445
unansw	14.45
dissemin	14.47
ferul	14.47
chs8	14.47
itraq	14.47
lysat	14.5
essex	14.5
magic	14.51
gmphya2	14.51
marin	14.52
authent	14.52
mutabl	14.53
branched1	14.53
simpler	14.53
prospect	14.54
undertook	14.555
lob	14.555
spermatophyt	14.555
ampholyt	14.555
autofocus	14.555
unresolv	14.555
denatur	14.56
miscanthu	14.56
barcsoysnp6k	14.57
triphosph	14.59
unicellular	14.59
mapkk	14.59
bread	14.6
outgroup	14.6
geographi	14.61
shelf	14.61
fad3	14.61
callus	14.625
ev	14.63
fide	14.63
bona	14.63
tasirna	14.64
quinon	14.64
rflp	14.64
hint	14.66
inappropri	14.664
mg2	14.664
forefront	14.664
sib	14.67
smrt	14.67
unannot	14.69
imbal	14.71
aae	14.71
nicotin	14.72
satt334	14.72
desatur	14.73
clonal	14.734
pv2	14.75
monounsatur	14.75
csd1	14.75
ethylmaleimid	14.766
squar	14.78
thermo	14.78
jalo	14.78
eep558	14.78
sn	14.78
nfc	14.8
invertebr	14.81
increment	14.81
peribacteroid	14.81
destin	14.87
submit	14.87
occup	14.875
aftertast	14.88
rest	14.88
untarget	14.89
putrescin	14.89
meantim	14.89
livelihood	14.89
love	14.89
immunophilin	14.89
npq	14.89
abi5	14.9
toll	14.9
republ	14.914
rrna	14.92
genistoid	14.92
transaminas	14.94
dgat2	14.95
phytoremedi	14.96
saccharif	14.96
zeaxanthin	14.96
usher	14.97
boll	15.0
gmsos1	15.0
paleohistori	15.0
virgatum	15.0
ferrou	15.0
complementar	15.0
dedic	15.01
alcl3	15.01
ly	15.016
gmrlk18	15.02
tawni	15.03
breakthrough	15.03
phosphoinositid	15.04
pear	15.04
guidanc	15.05
bar	15.06
streak	15.06
conclusionsther	15.06
viewer	15.08
myriad	15.086
shaker	15.1
tie	15.11
adhes	15.11
mt4_0	15.11
cal	15.125
elsewher	15.125
worm	15.125
roadmap	15.125
truli	15.14
sporophyt	15.16
charleston	15.16
interspac	15.164
pocket	15.19
monoval	15.19
infrastructur	15.19
nois	15.19
yfp	15.19
bak1	15.19
taxonomi	15.2
herbac	15.2
d14	15.22
nonexpressor	15.22
intellig	15.22
bisphosph	15.22
specialist	15.24
mendel	15.24
huachun	15.24
reloc	15.24
infecti	15.25
orthophosph	15.25
pseudochromosom	15.25
chemistri	15.25
suberin	15.28
dysfunct	15.28
unlock	15.28
im	15.28
abf	15.29
refractori	15.31
mimicri	15.31
fund	15.33
ecotil	15.336
qb	15.336
assimilatori	15.336
centimorgan	15.34
sip1	15.34
twofold	15.34
dai	15.36
tetra	15.36
caesalpinioidea	15.36
turgor	15.37
histolog	15.39
sector	15.4
illegitim	15.41
invest	15.43
creation	15.44
subsist	15.44
promotor	15.445
malonyltransferas	15.445
tt	15.445
propens	15.445
uida	15.47
galactinol	15.48
dimethylallyltransferas	15.48
rtm	15.5
salient	15.5
pyrimidin	15.5
rpp5	15.5
unchang	15.5
assur	15.52
advent	15.55
biomark	15.555
shortest	15.555
crosslink	15.555
resultsbas	15.555
b73	15.555
glycogen	15.555
procambium	15.555
asynchron	15.555
vp1	15.555
entiti	15.555
molybdenum	15.56
unrecogn	15.56
pyralid	15.57
parsimoni	15.59
colibri	15.6
snpldb	15.6
glean	15.625
drove	15.64
pertain	15.64
gluconeogenesi	15.64
kar	15.65
agronomi	15.66
bbx	15.664
antiqu	15.664
ctab	15.664
midwestern	15.664
micropylar	15.664
rps4	15.664
pfam	15.67
dgat1	15.68
milk	15.69
monogen	15.69
psii	15.69
pdc	15.72
huaxia	15.72
winter	15.74
passiv	15.75
isomer	15.75
mv	15.75
allantoin	15.76
scf	15.77
relianc	15.77
chaperonin	15.78
proteinac	15.78
laevi	15.78
coval	15.78
overestim	15.78
malondialdehyd	15.8
quarter	15.81
lima	15.82
reniformi	15.836
rotylenchulu	15.836
ss2	15.84
mention	15.84
cim	15.85
mrmlm	15.86
kit	15.86
road	15.875
rd29a	15.875
withhold	15.89
protein2	15.89
atac	15.89
messageidentif	15.89
left	15.89
messagethi	15.89
jackson	15.9
dsb	15.92
smith	15.94
regist	15.945
unifoliol	15.95
gdsl	15.96
myeloblastosi	15.97
etiol	15.98
lifespan	16.0
eat	16.0
dt2008	16.0
zc	16.03
extensin	16.05
cheongja	16.05
homeot	16.06
clavata1	16.06
buff	16.06
agri	16.06
coronari	16.06
pv11	16.06
verticillium	16.08
subtermin	16.11
botryti	16.11
unnecessari	16.11
mw	16.11
ternari	16.11
nong	16.11
daytim	16.12
hypha	16.14
smr	16.17
inspect	16.17
papain	16.2
p5c	16.2
fifth	16.2
evapor	16.22
reffind	16.22
sequenom	16.22
omnibu	16.22
row	16.23
biomolecul	16.25
quench	16.25
monosaccharid	16.25
nonredund	16.27
fascin	16.31
rab	16.31
groundwork	16.31
swap	16.31
pp	16.31
fortifi	16.31
daepung	16.33
antinutri	16.33
convey	16.33
pen3	16.33
sinpald	16.33
pen2	16.33
text	16.33
pulp	16.33
uniprot	16.34
micropropag	16.36
tsss	16.36
protamin	16.36
njau	16.38
kompetit	16.38
glucosinol	16.38
blade	16.38
pipecol	16.4
rpm1	16.44
rigor	16.44
mir319	16.44
parsley	16.44
purpureu	16.44
vehicl	16.44
ninth	16.44
taller	16.44
pr2	16.47
wildtyp	16.5
sc15	16.5
cdc	16.5
genistin	16.52
descent	16.53
rddm	16.53
conclusionswith	16.56
entail	16.56
acidif	16.56
planttfdb	16.56
troubl	16.56
rwc	16.6
mir399	16.6
salicacea	16.64
acclimat	16.66
width	16.66
biodegrad	16.67
richest	16.67
lumen	16.69
mtr	16.69
prot	16.69
phenom	16.69
summaris	16.69
properli	16.69
ideotyp	16.69
endodermi	16.69
cheap	16.69
archaeolog	16.69
cercidoidea	16.72
river	16.72
papilionoid	16.73
teosint	16.75
pastur	16.78
administr	16.78
incongru	16.78
graviti	16.81
l4	16.83
jindou	16.84
allo	16.86
undoubtedli	16.88
fyve	16.88
gc3	16.88
perfectli	16.89
think	16.89
gmft	16.89
genepool	16.92
dag	16.92
hindranc	16.95
dispens	17.0
torrent	17.0
agrochem	17.0
fri	17.0
stripe	17.05
untap	17.06
a3	17.06
twist	17.06
provis	17.06
irt	17.1
haustoria	17.11
h9	17.11
xian	17.11
biotech	17.11
fertilis	17.11
hmmer	17.11
flavour	17.12
patch	17.12
antenna	17.14
pyrrolin	17.14
harden	17.14
prompt	17.14
abi	17.16
it182932	17.16
gen	17.16
nrt1	17.19
qpro	17.19
photoinhibit	17.2
iia	17.22
meant	17.22
ago2	17.22
hd2	17.22
hda1	17.22
rpd3	17.22
sir2	17.22
gmcry1	17.23
camv35	17.27
timescal	17.28
v2_0	17.28
mismatch	17.3
rigid	17.31
depart	17.33
eicoseno	17.33
immuno	17.33
atdd45	17.33
resultw	17.33
biomed	17.38
tca	17.4
mda	17.4
almt	17.42
log10	17.44
toyomusum	17.44
union	17.44
c16	17.44
gmft2b	17.44
gcn4	17.44
pare	17.44
pleiotropi	17.44
clv1	17.45
angiogen	17.47
galactosyltransferas	17.48
baselin	17.5
zl	17.53
mislead	17.56
fao	17.56
thorn	17.56
glycat	17.56
aw	17.56
oligogen	17.56
hen1	17.56
infrequ	17.56
ddbj	17.56
chlorophyta	17.62
retrograd	17.67
abstractboth	17.67
hing	17.67
serial	17.69
e10	17.72
dehydroascorb	17.75
lipopolysaccharid	17.75
gmpt5	17.75
sporad	17.75
devoid	17.75
expression	17.75
tair	17.77
cycloidea	17.78
steric	17.78
fam94	17.81
programmat	17.81
aldolas	17.88
panax	17.89
infertil	17.89
dongnong594	17.89
fad3b	17.9
gmmpk6	17.9
streptophyta	17.92
polyphosph	17.94
ear	17.95
csgp	17.95
rs	18.0
calibr	18.0
pen1	18.0
plateau	18.0
uniport	18.0
mt3_5	18.0
uredinia	18.0
comment	18.0
mar	18.0
hematoxylin	18.0
ts	18.06
lpaat	18.06
g4dt	18.08
microsynten	18.11
ingest	18.11
schema	18.11
glu	18.11
blastn	18.11
leap	18.11
equilibrium	18.11
endotransglucosylas	18.12
ascochyta	18.16
flight	18.19
emsa	18.22
b5	18.22
setup	18.22
aldo	18.22
keto	18.22
unwant	18.22
nurs	18.22
unroot	18.22
admixtur	18.22
law	18.22
launch	18.23
g5	18.23
pcf	18.25
himeshirazu	18.28
mandarin	18.31
remot	18.31
heterotrim	18.31
nod26	18.34
consolid	18.34
like15	18.38
institut	18.42
solvent	18.44
fdr	18.44
plausibl	18.44
glycopeptid	18.44
student	18.44
sin	18.44
hse	18.44
chs7	18.48
kennedi	18.5
ns	18.53
ethephon	18.53
endomembran	18.53
asexu	18.56
ga4	18.56
assort	18.56
honeycomb	18.56
gapit	18.56
fleshi	18.56
fatb	18.56
dem	18.61
orthogon	18.62
mir167	18.64
timefram	18.67
carbonyl	18.67
juli	18.67
testcross	18.67
genebank	18.69
mpa	18.72
pdb	18.72
cinnamyl	18.75
vol	18.75
excit	18.78
acuminata	18.78
intent	18.78
protein1	18.83
flavanol	18.86
mexican	18.88
puzzl	18.88
ccoaomt	18.88
v1_0	18.88
xanthin	18.89
cyp450	18.89
alloster	18.89
cazi	18.89
resurg	18.89
flc	18.94
th	18.94
homoeologu	18.94
silic	19.0
superimposit	19.0
proceed	19.0
credibl	19.0
cornerston	19.0
arrow	19.05
shortcom	19.06
pericycl	19.1
exigua	19.11
kamphaeng	19.11
saen	19.11
desulfhydras	19.11
myristoyl	19.11
amoebozoa	19.12
bc3f2	19.12
iter	19.14
contract	19.19
thale	19.22
cress	19.22
swiftli	19.22
ascertain	19.22
proto	19.22
imperfect	19.22
agenc	19.22
crown	19.27
api	19.31
phosphosulf	19.33
talen	19.34
hk	19.36
gaussian	19.38
variet	19.42
gmftl3	19.44
ry	19.44
lf	19.44
zhongdou27	19.44
microbiolog	19.56
protospac	19.56
geometri	19.56
cslrp	19.56
desorpt	19.56
polici	19.56
galactos	19.6
gigabas	19.61
bzr1	19.69
registr	19.69
imposs	19.72
chromatograph	19.75
kin1	19.75
inoculum	19.75
pyl	19.77
overgo	19.78
inabl	19.8
reshuffl	19.81
peripheri	19.81
nucleolu	19.81
cor15a	19.84
intervent	19.88
sulphur	19.89
fumig	19.89
malvacea	19.89
hp	19.89
buseok	19.92
chlamydomona	19.92
genosoja	19.94
intragen	20.0
reshap	20.0
larval	20.0
tokei	20.0
skew	20.0
nanotechnolog	20.0
chs1	20.05
thank	20.05
aphidida	20.06
hemiptera	20.06
benzyl	20.11
phosphotransferas	20.12
cyp72a69	20.12
hsp40	20.16
ppp	20.19
gf	20.19
lm	20.2
earliest	20.2
starchi	20.25
permeas	20.25
atom	20.28
pol	20.28
homoglutathion	20.31
metalloenzym	20.31
keunol	20.33
wish	20.38
trisphosph	20.38
pink	20.38
sharp	20.39
apas	20.4
mimosoid	20.42
inadequaci	20.44
northeastern	20.44
nfr1α	20.5
tl	20.53
phenyl	20.56
apoptot	20.56
toc1	20.62
drift	20.62
roll	20.69
metallothionein	20.69
motion	20.69
ae	20.72
frontier	20.72
mir319a	20.75
fap	20.77
intraspeci	20.78
blink	20.78
glycolipid	20.78
oncogen	20.78
contin	20.8
pv04	20.8
phosphotransf	20.81
runner	20.81
interven	20.88
price	20.88
bin2	20.89
delug	20.89
gmwri1b	20.94
fad3a	20.94
crisi	21.0
phosphorylas	21.0
shen	21.0
l29	21.0
static	21.0
kenfeng	21.08
qei	21.08
crassulacean	21.11
fae1	21.12
heurist	21.2
messagein	21.2
autotroph	21.22
woodland	21.25
en	21.27
remnant	21.28
timepoint	21.31
overproduct	21.33
recreat	21.33
con	21.33
quiescent	21.38
contemporari	21.42
forthcom	21.44
dolichocarpa	21.44
c3h	21.53
atrd29a	21.56
betain	21.58
nonprotein	21.62
door	21.62
socioeconom	21.64
suweon	21.66
myb84	21.67
echo	21.67
activas	21.72
lfi	21.75
nearest	21.77
testabl	21.78
thioester	21.78
longitudin	21.78
amebocyt	21.78
limulu	21.78
chromogen	21.78
profus	21.81
r8	21.84
stone	21.84
calvin	21.88
cop9	21.89
signalosom	21.89
bw69	21.89
btb	21.94
shoryu	21.94
caffeic	22.0
chemodivers	22.0
came	22.0
icimap	22.11
pichia	22.11
ceas	22.11
pip	22.12
dihydroxi	22.16
fv	22.19
climb	22.22
ib	22.22
tgm1	22.22
p5cr	22.22
circl	22.25
robustli	22.33
groundbreak	22.33
quaternari	22.33
softer	22.38
r4	22.44
mitosi	22.44
shortli	22.44
gaut	22.55
ysl7	22.56
oryzacystatin	22.56
uracil	22.56
nts1116	22.56
fragranc	22.58
impetu	22.6
pn	22.64
unassembl	22.67
c2c2	22.69
glyma1_01	22.72
expert	22.77
jws156	22.77
eggplant	22.78
minichromosom	22.78
misuzudaizu	22.81
dominantli	22.88
he	22.88
unless	22.89
rose	22.89
chr12	22.92
heatmap	22.95
tediou	23.0
coincident	23.06
ubiquinon	23.11
h1246	23.11
e2f	23.22
cultigen	23.22
cretac	23.22
propel	23.22
qe	23.25
hefeng	23.28
nonvascular	23.38
bogao	23.39
f6h	23.44
journey	23.44
undetermin	23.44
rps11	23.45
zq	23.48
larva	23.6
isobar	23.62
mainland	23.62
wyandot	23.69
misassembl	23.69
kunitz	23.72
rgc	23.78
glimps	23.81
dig	23.81
macrophag	23.88
demarc	23.89
dt51	23.9
butyr	23.94
vii	23.95
multidisciplinari	23.95
spikelet	24.0
my	24.0
xylan	24.06
sip	24.06
a7	24.12
ai	24.12
endotransglycosylas	24.12
promiscu	24.22
metalloproteinas	24.33
kuro	24.33
hyoukei	24.33
potyvirida	24.33
founder	24.44
mountain	24.44
intend	24.45
conclusionstaken	24.5
opinion	24.5
nitrosocystein	24.56
clarif	24.62
archer	24.67
reanalyz	24.67
star	24.67
pastori	24.69
hydroxybutyr	24.69
nonhomolog	24.75
rd29b	24.75
persica	24.75
thrive	24.75
disconnect	24.78
cannabinoid	24.8
physico	24.81
magnet	24.89
cysno	24.89
rapd	25.0
molecularli	25.06
circul	25.14
pyridin	25.19
familiar	25.22
legumain	25.22
sitosterol	25.22
glycogenin	25.22
mtd720	25.25
clearer	25.44
abbrevi	25.56
rag3	25.56
jag	25.64
bromid	25.67
interpro	25.69
gaut1	25.75
suspensor	25.78
snf1	25.89
chs3	25.89
phytocyanin	26.0
gl3	26.11
perimet	26.11
radial	26.19
ix	26.27
pentos	26.31
press	26.33
huanghuai	26.33
lysophosphatid	26.38
nonrandom	26.44
darwinian	26.44
rps5	26.56
fabal	26.56
culmin	26.56
immunolog	26.62
rps6	26.67
epicotyl	26.72
rin4	26.75
glm	26.8
alongsid	26.88
glycosylphosphatidylinositol	27.0
reliev	27.0
m8206	27.06
iq67	27.11
cdcl2	27.11
unpair	27.22
mir397a	27.22
nonlegum	27.28
outlook	27.33
submatric	27.33
catalyst	27.36
icim	27.44
hzzb011	27.44
unifoli	27.5
hydropathi	27.56
cor47	27.62
reconcili	27.67
y1h	27.75
fusca3	27.78
spm	27.8
sheath	27.81
kti	27.84
knob	27.88
dipeptid	27.88
ere	27.94
exit	28.0
taiwan	28.31
nitro	28.33
vitacea	28.56
flower1	28.56
chitwood	28.67
unif	28.67
lignan	28.88
kyoto	29.0
kog	29.0
q20	29.0
embl	29.22
fragrant	29.4
hypernodul	29.44
abi1	29.56
afternoon	29.67
encyclopedia	29.8
zygomorphi	29.94
acknowledg	30.0
palisad	30.0
pinu	30.11
taeda	30.11
liaodou14	30.12
vesca	30.19
ga1	30.22
statur	30.33
zhonghuang24	30.56
a5	30.56
merola	30.89
cyanidioschyzon	30.89
gong	31.0
unplac	31.22
fasciclin	31.39
homozygot	31.67
compendium	31.77
lesson	31.89
malonaldehyd	31.94
mim	32.44
endeavor	32.44
sdh	32.5
stochast	32.66
umbil	32.78
endotheli	32.78
gretchen	32.78
arf8	32.88
g4	33.12
photosynth	33.97
mcim	34.16
mankind	34.53
docosahexaeno	34.56
cyanid	35.25
posterior	35.66
rsv	35.8
biophys	35.88
conjoint	36.38
hologalegina	37.2
pentakisphosph	37.4
tongshan	37.44
zhengyang	37.44
nn94156	38.0
percentil	38.56
warmer	39.12
eicosapentaeno	39.56
unmap	39.7
rhamnosyltransferas	40.22
galacturonosyltransferase1	40.44
nitros	41.22
pyrophosphorylas	42.78
zrt	43.22
l2	45.2
cyp93c	46.34
titl	47.0
irreplac	48.1
l5	48.88
phenylpropan	49.56
wav	50.66
monophosphatas	53.88
picea	59.44
broadest	62.66
