	experimental
and	11.76
of	11.75
the	11.63
in	11.62
to	11.52
thi	11.29
is	11.1
that	11.04
with	11.016
studi	10.97
for	10.805
by	10.734
these	10.67
an	10.63
result	10.625
we	10.555
be	10.54
on	10.484
provid	10.484
which	10.46
from	10.414
import	10.34
use	10.27
identifi	10.266
as	10.26
howev	10.23
are	10.22
also	10.164
gene	10.13
here	10.04
have	10.016
max	10.016
plant	9.984
analysi	9.914
show	9.9
includ	9.875
wa	9.875
our	9.86
reveal	9.84
develop	9.82
glycin	9.81
were	9.805
suggest	9.76
into	9.76
been	9.69
one	9.65
or	9.63
role	9.625
involv	9.6
indic	9.6
ha	9.6
most	9.586
further	9.58
function	9.57
addit	9.56
it	9.52
soybean	9.516
two	9.51
other	9.51
but	9.47
their	9.45
differ	9.445
play	9.44
present	9.42
not	9.42
wide	9.41
understand	9.41
at	9.37
base	9.37
molecular	9.34
compar	9.336
major	9.32
between	9.3
both	9.26
can	9.25
well	9.234
sever	9.234
more	9.22
such	9.21
high	9.21
report	9.19
than	9.19
express	9.18
found	9.17
may	9.164
quantit	9.164
among	9.15
all	9.15
mechan	9.125
character	9.086
key	9.086
investig	9.055
relat	8.984
potenti	8.97
improv	8.97
mani	8.945
gener	8.93
known	8.93
furthermor	8.92
increas	8.91
through	8.91
analys	8.89
larg	8.88
highli	8.88
will	8.87
perform	8.87
singl	8.87
genom	8.87
while	8.86
regul	8.86
level	8.85
process	8.84
specif	8.836
control	8.83
recent	8.83
contain	8.82
onli	8.81
genet	8.81
respect	8.805
demonstr	8.78
three	8.77
sequenc	8.766
signific	8.766
could	8.75
remain	8.74
total	8.71
product	8.71
new	8.71
analyz	8.7
find	8.7
insight	8.67
contribut	8.67
some	8.66
inform	8.66
pattern	8.64
respons	8.625
affect	8.59
first	8.59
merr	8.58
variou	8.555
factor	8.55
exhibit	8.54
associ	8.53
observ	8.53
significantli	8.52
data	8.516
identif	8.51
nucleotid	8.5
limit	8.49
growth	8.484
crop	8.48
togeth	8.48
encod	8.47
transcript	8.46
dure	8.46
although	8.46
multipl	8.46
similar	8.445
caus	8.445
basi	8.42
effect	8.414
thu	8.414
number	8.4
phylogenet	8.4
moreov	8.39
whole	8.39
speci	8.39
avail	8.36
futur	8.36
research	8.35
structur	8.35
select	8.34
within	8.33
about	8.33
confirm	8.32
essenti	8.31
repres	8.29
novel	8.29
reduc	8.28
approach	8.27
they	8.27
enhanc	8.27
chang	8.266
breed	8.266
there	8.26
biolog	8.26
protein	8.26
divers	8.26
assist	8.24
due	8.234
facilit	8.23
region	8.23
each	8.22
possibl	8.22
previous	8.21
resourc	8.195
determin	8.195
them	8.195
consist	8.19
conserv	8.19
four	8.18
detect	8.18
put	8.17
higher	8.17
rel	8.164
time	8.15
current	8.14
help	8.13
organ	8.13
distribut	8.125
activ	8.09
those	8.08
differenti	8.08
therefor	8.07
phenotyp	8.06
combin	8.06
induc	8.055
underli	8.055
comprehens	8.03
locat	8.03
arabidopsi	8.02
five	8.02
deriv	8.016
complex	8.016
across	8.016
cross	8.016
profil	8.01
after	8.01
local	8.01
pcr	8.0
lead	8.0
work	7.992
thaliana	7.984
posit	7.98
conduct	7.977
occur	7.973
candid	7.97
famili	7.97
valuabl	7.957
review	7.953
up	7.94
might	7.94
evalu	7.938
especi	7.934
under	7.93
inbr	7.93
worldwid	7.914
discuss	7.91
examin	7.902
pathway	7.902
evid	7.9
over	7.895
sourc	7.887
depend	7.887
rang	7.883
describ	7.88
had	7.867
support	7.867
explor	7.863
qualiti	7.863
condit	7.855
relationship	7.85
final	7.844
requir	7.832
yield	7.832
knowledg	7.832
transcriptom	7.83
trait	7.82
wherea	7.816
like	7.812
util	7.812
follow	7.812
critic	7.812
form	7.81
distinct	7.805
unknown	7.8
polymorph	7.8
environment	7.797
obtain	7.793
physiolog	7.79
loss	7.79
tissu	7.79
strategi	7.785
when	7.766
littl	7.75
produc	7.746
group	7.746
applic	7.742
chromosom	7.74
previou	7.734
via	7.734
system	7.727
evolut	7.72
six	7.715
highlight	7.715
predict	7.71
year	7.707
exist	7.703
natur	7.703
non	7.69
real	7.688
econom	7.68
mainli	7.68
establish	7.67
valid	7.67
aim	7.668
model	7.668
becaus	7.66
compon	7.656
mediat	7.652
extens	7.65
contrast	7.65
better	7.645
enabl	7.64
need	7.637
same	7.633
line	7.63
allow	7.62
complet	7.61
elucid	7.605
overal	7.605
tool	7.6
homolog	7.594
shown	7.594
rich	7.59
out	7.586
taken	7.57
close	7.57
few	7.57
subsequ	7.566
how	7.566
program	7.555
interact	7.555
variat	7.555
then	7.555
strong	7.535
appli	7.527
uniqu	7.527
recombin	7.523
abiot	7.516
success	7.508
world	7.508
cultivar	7.508
still	7.504
decreas	7.504
comparison	7.5
development	7.496
design	7.496
integr	7.492
object	7.492
popul	7.492
signal	7.49
advanc	7.49
agricultur	7.477
evolutionari	7.453
loci	7.453
no	7.453
crucial	7.44
least	7.438
seven	7.434
lower	7.434
correspond	7.434
name	7.426
challeng	7.42
length	7.406
agronom	7.4
long	7.395
classifi	7.38
where	7.375
genotyp	7.367
global	7.363
compris	7.35
foundat	7.35
alter	7.348
particularli	7.344
act	7.34
regulatori	7.336
valu	7.332
display	7.33
order	7.33
clone	7.33
adapt	7.33
impact	7.32
detail	7.316
site	7.312
share	7.312
presenc	7.31
neg	7.3
propos	7.297
belong	7.293
made	7.293
simpl	7.293
construct	7.293
repeat	7.29
bind	7.29
consid	7.285
lack	7.28
code	7.28
varieti	7.28
veri	7.277
less	7.273
locu	7.27
eight	7.266
cultiv	7.26
assess	7.25
isol	7.25
part	7.242
carri	7.242
test	7.242
accumul	7.24
appear	7.24
link	7.24
main	7.234
enzym	7.23
promot	7.227
acceler	7.223
event	7.215
interest	7.215
influenc	7.21
short	7.21
qrt	7.203
stress	7.195
metabol	7.19
type	7.188
set	7.18
member	7.176
rna	7.17
characterist	7.17
along	7.17
throughput	7.17
against	7.17
yet	7.164
treatment	7.164
divid	7.16
method	7.15
origin	7.15
next	7.145
either	7.14
seq	7.14
vari	7.137
scale	7.13
understood	7.13
collect	7.125
confer	7.113
human	7.11
direct	7.1
technolog	7.1
would	7.094
individu	7.094
rapid	7.086
assay	7.082
constitut	7.082
ontolog	7.082
low	7.08
discov	7.08
cellular	7.08
expand	7.08
reduct	7.066
grown	7.066
despit	7.066
grow	7.062
bioinformat	7.06
averag	7.055
toward	7.05
approxim	7.05
maintain	7.05
make	7.05
food	7.05
serv	7.047
led	7.047
ani	7.047
leav	7.035
effici	7.027
focus	7.027
way	7.023
annot	7.023
particular	7.02
correl	7.02
great	7.016
wild	7.016
overexpress	7.01
sinc	7.01
systemat	7.01
strongli	7.008
abund	7.004
basic	7.0
million	7.0
unclear	6.996
stage	6.99
sensit	6.99
primari	6.98
anim	6.977
becom	6.973
hormon	6.97
target	6.97
should	6.97
small	6.965
screen	6.965
achiev	6.96
accord	6.95
amino	6.95
nine	6.945
often	6.938
discoveri	6.934
biotic	6.934
abscis	6.934
substanti	6.926
linkag	6.92
conclus	6.92
biochem	6.918
evolv	6.918
access	6.91
subject	6.91
independ	6.906
effort	6.902
numer	6.9
earli	6.895
ortholog	6.895
explain	6.89
near	6.887
map	6.883
enrich	6.883
techniqu	6.875
highest	6.875
directli	6.87
experi	6.87
down	6.867
composit	6.86
typic	6.855
acid	6.85
summar	6.85
element	6.848
even	6.848
initi	6.844
implic	6.84
regard	6.84
promis	6.836
reaction	6.836
largest	6.832
sustain	6.83
content	6.83
greater	6.83
abil	6.816
biosynthesi	6.812
interestingli	6.81
rate	6.81
expans	6.805
without	6.8
diverg	6.797
respond	6.797
format	6.793
open	6.79
rapidli	6.78
modifi	6.78
cluster	6.78
address	6.777
synthesi	6.773
progress	6.77
did	6.76
particip	6.758
marker	6.754
breeder	6.75
poorli	6.75
probabl	6.746
ci	6.742
search	6.742
consider	6.734
much	6.734
histori	6.73
complement	6.727
network	6.723
gain	6.723
featur	6.723
exon	6.72
background	6.72
kb	6.72
opportun	6.715
defin	6.707
employ	6.703
environ	6.695
area	6.69
us	6.69
nutrit	6.69
offer	6.69
root	6.69
chapter	6.684
upregul	6.68
uncov	6.68
now	6.67
fulli	6.668
vital	6.668
diseas	6.664
emerg	6.664
greatli	6.66
power	6.66
motif	6.656
so	6.656
dna	6.64
leucin	6.633
cover	6.633
decad	6.633
term	6.633
sativa	6.633
mass	6.633
possess	6.63
refer	6.617
illumina	6.617
domin	6.605
experiment	6.6
germplasm	6.598
throughout	6.594
amount	6.594
state	6.586
truncatula	6.586
common	6.586
field	6.574
except	6.57
verifi	6.56
chain	6.55
benefit	6.55
silico	6.547
dissect	6.543
last	6.54
almost	6.54
suppress	6.535
separ	6.53
domain	6.53
second	6.527
revers	6.523
cost	6.523
materi	6.52
introduc	6.52
polymeras	6.52
cell	6.52
mean	6.52
past	6.52
modif	6.516
membran	6.516
date	6.516
purifi	6.51
suscept	6.504
exampl	6.504
certain	6.492
far	6.484
engin	6.48
segment	6.477
novo	6.477
tandem	6.477
downstream	6.473
medicago	6.473
harbor	6.47
account	6.465
step	6.46
around	6.457
newli	6.453
inhibit	6.45
relev	6.45
induct	6.445
primarili	6.445
partial	6.44
anoth	6.44
fine	6.438
henc	6.434
therebi	6.43
consequ	6.426
public	6.426
transgen	6.418
legum	6.414
industri	6.414
vulgari	6.41
resultsw	6.41
termin	6.406
eukaryot	6.406
point	6.402
redund	6.4
call	6.4
pathogen	6.395
properti	6.395
secondari	6.387
dynam	6.387
upon	6.383
abl	6.383
frequenc	6.383
fix	6.38
manner	6.37
toler	6.37
broad	6.37
reactiv	6.363
extrem	6.363
morpholog	6.363
expect	6.36
goal	6.355
commerci	6.355
restrict	6.355
hybrid	6.35
modern	6.348
subcellular	6.348
catalyz	6.344
whose	6.34
publish	6.34
befor	6.336
whether	6.336
continu	6.332
end	6.332
overview	6.33
measur	6.33
creat	6.33
damag	6.324
modul	6.32
nucleu	6.316
seed	6.312
aspect	6.31
fundament	6.305
benefici	6.305
absenc	6.3
focu	6.297
feed	6.297
transduct	6.297
notabl	6.29
mostli	6.28
platform	6.28
post	6.277
pair	6.277
synthas	6.277
cycl	6.277
impli	6.273
necessari	6.27
yeast	6.27
variabl	6.27
frequent	6.27
demand	6.266
seriou	6.26
molecul	6.258
degre	6.258
ident	6.258
artifici	6.25
estim	6.25
trigger	6.246
segreg	6.246
resultsin	6.242
life	6.24
preferenti	6.24
manipul	6.234
survey	6.23
ratio	6.23
mine	6.223
prevent	6.223
fold	6.223
ancestor	6.22
go	6.22
manag	6.22
parent	6.215
duplic	6.207
oxid	6.203
infer	6.203
conclud	6.2
precis	6.2
case	6.195
central	6.195
view	6.195
soil	6.19
context	6.19
advantag	6.188
tree	6.18
substitut	6.176
chemic	6.176
paper	6.17
difficult	6.168
matur	6.164
minor	6.16
full	6.16
coupl	6.156
interfer	6.152
symbiot	6.15
per	6.137
recogn	6.137
desir	6.133
phaseolu	6.13
introduct	6.125
ubiquit	6.125
degrad	6.125
best	6.125
infect	6.125
publicli	6.117
co	6.117
dramat	6.117
convent	6.113
disequilibrium	6.11
doubl	6.105
size	6.1
dataset	6.1
normal	6.1
veget	6.1
mutant	6.094
given	6.09
ten	6.09
oryza	6.086
conclusionsth	6.086
special	6.082
allel	6.082
optim	6.082
endogen	6.08
though	6.08
elit	6.074
accur	6.074
de	6.074
distanc	6.066
suffici	6.062
sampl	6.06
health	6.06
protect	6.06
mutat	6.055
implement	6.055
overcom	6.05
densiti	6.047
cyst	6.043
pressur	6.043
practic	6.043
defens	6.04
delet	6.035
widespread	6.035
architectur	6.03
attribut	6.03
simultan	6.027
databas	6.023
cdna	6.02
overlap	6.02
heterodera	6.02
leaf	6.016
extent	6.016
good	6.016
compos	6.01
incorpor	6.01
core	6.01
assembl	6.004
phase	6.004
hypothes	6.0
larger	6.0
nearli	6.0
reproduct	6.0
microrna	5.996
robust	5.992
extend	5.992
compound	5.992
comput	5.984
undergon	5.984
entir	5.98
interv	5.973
stabl	5.97
guid	5.97
repress	5.97
half	5.97
http	5.97
day	5.965
bacteria	5.965
ii	5.965
countri	5.96
transfer	5.96
residu	5.96
tempor	5.957
shed	5.957
capabl	5.953
jasmon	5.953
constraint	5.953
surviv	5.945
resolut	5.94
commonli	5.94
tradit	5.938
stem	5.934
translat	5.934
clear	5.93
advers	5.93
plasma	5.926
do	5.92
oxygen	5.918
classif	5.918
intern	5.918
rice	5.914
metabolit	5.91
librari	5.906
homeostasi	5.902
question	5.9
amplifi	5.9
mosaic	5.9
stabil	5.9
drive	5.89
start	5.89
assign	5.887
accompani	5.887
vitro	5.883
take	5.87
re	5.87
hundr	5.87
issu	5.867
earlier	5.863
meet	5.86
align	5.86
japonicu	5.855
light	5.855
lay	5.855
late	5.855
altern	5.85
problem	5.85
purpos	5.848
ecolog	5.848
secur	5.848
predominantli	5.848
expos	5.844
intens	5.844
rather	5.84
nutrient	5.84
concern	5.832
maximum	5.832
phylogeni	5.83
occurr	5.83
illustr	5.824
energi	5.82
ancestr	5.82
thousand	5.816
span	5.816
fragment	5.816
read	5.816
perspect	5.812
weight	5.81
synteni	5.81
ensur	5.81
bp	5.805
synthes	5.805
free	5.805
depth	5.8
coordin	5.8
statu	5.797
exploit	5.793
attent	5.793
climat	5.793
spectrometri	5.793
edibl	5.79
china	5.785
ril	5.785
driven	5.78
rare	5.78
unlik	5.777
diversif	5.777
unit	5.773
kegg	5.773
besid	5.773
importantli	5.773
inocul	5.766
lineag	5.766
doe	5.76
seedl	5.76
shift	5.758
green	5.754
consum	5.754
upstream	5.75
ectop	5.746
third	5.742
herein	5.74
suitabl	5.74
clearli	5.734
dri	5.734
multi	5.73
host	5.73
biotechnolog	5.73
transport	5.723
fusion	5.72
meanwhil	5.715
aid	5.715
fluoresc	5.707
summari	5.707
consumpt	5.703
ancient	5.703
releas	5.695
longer	5.695
remark	5.695
place	5.695
pivot	5.69
microarray	5.69
heterolog	5.69
commun	5.688
shoot	5.68
biosynthet	5.676
subfamili	5.676
stimuli	5.664
carbohydr	5.664
framework	5.664
downregul	5.66
prior	5.656
concentr	5.656
hypothesi	5.652
nitrogen	5.65
seem	5.645
excel	5.645
turn	5.645
bacteri	5.645
appar	5.645
underw	5.64
project	5.64
narrow	5.637
resist	5.633
twenti	5.633
clarifi	5.633
capac	5.633
attract	5.63
categori	5.63
physic	5.63
experienc	5.625
kingdom	5.625
opposit	5.62
qpcr	5.62
undergo	5.62
cytoplasm	5.62
copi	5.61
unravel	5.61
favor	5.605
resultsa	5.598
paramet	5.598
array	5.598
paralog	5.594
ultim	5.59
inherit	5.59
forc	5.586
prove	5.574
extern	5.574
gap	5.566
coincid	5.562
reconstruct	5.562
salicyl	5.56
william	5.555
proport	5.555
solut	5.555
isogen	5.55
photosynthesi	5.55
govern	5.55
attempt	5.55
literatur	5.55
flank	5.547
draft	5.547
reach	5.543
exclus	5.543
soja	5.54
minim	5.54
enzymat	5.54
mb	5.535
resequenc	5.535
clue	5.53
iii	5.53
confid	5.523
similarli	5.523
begin	5.52
prolin	5.52
pest	5.52
stimul	5.508
symbiosi	5.508
transient	5.5
parallel	5.5
pool	5.5
predomin	5.496
tag	5.49
snp	5.484
fungi	5.48
balanc	5.48
catalyt	5.48
impair	5.477
absent	5.473
kinas	5.473
if	5.473
endoplasm	5.473
captur	5.47
threat	5.465
conclusionsthi	5.465
tightli	5.465
phosphat	5.465
forward	5.465
nicotiana	5.46
geograph	5.46
exogen	5.46
reticulum	5.46
mix	5.46
version	5.453
transform	5.453
peak	5.45
abov	5.45
regularli	5.45
convert	5.45
angiosperm	5.45
ion	5.445
deciph	5.445
mainten	5.445
live	5.44
class	5.438
acquir	5.438
period	5.438
friendli	5.434
synten	5.43
defect	5.43
usual	5.426
transmembran	5.426
panel	5.426
water	5.42
behind	5.42
subset	5.414
cope	5.414
randomli	5.414
adjac	5.414
fixat	5.414
palindrom	5.41
dietari	5.406
updat	5.406
random	5.406
block	5.395
proteom	5.395
diploid	5.39
suppli	5.387
storag	5.383
seri	5.38
precursor	5.38
later	5.38
trend	5.38
viru	5.38
tend	5.38
statist	5.38
intron	5.375
extract	5.37
greenhous	5.37
antioxid	5.363
rise	5.363
linear	5.363
multigen	5.36
document	5.36
progeni	5.355
index	5.35
methodolog	5.348
clade	5.348
recognit	5.348
fungal	5.348
broadli	5.348
conclusionsw	5.348
treat	5.348
flower	5.348
hairi	5.344
lost	5.344
harvest	5.34
complementari	5.34
articl	5.34
insert	5.34
conclusionsour	5.34
raw	5.336
immun	5.332
reflect	5.332
counterpart	5.332
increasingli	5.332
ago	5.33
causal	5.33
substrat	5.33
interspac	5.324
amplif	5.324
moder	5.32
metabolom	5.32
biomass	5.32
shape	5.32
oilse	5.316
latest	5.312
dimension	5.312
markedli	5.31
cours	5.31
give	5.305
adopt	5.305
repetit	5.305
mrna	5.305
season	5.3
transit	5.3
recess	5.297
ad	5.297
categor	5.293
strand	5.29
lotu	5.29
reason	5.285
rearrang	5.285
nevertheless	5.277
landrac	5.277
smaller	5.273
delay	5.273
lipid	5.273
monocot	5.273
until	5.27
deduc	5.266
zinc	5.266
distinguish	5.266
rt	5.26
solubl	5.26
theoret	5.26
versatil	5.258
instead	5.254
elimin	5.254
alga	5.254
uptak	5.25
convers	5.25
nuclear	5.246
carbon	5.246
retain	5.246
anchor	5.242
space	5.242
action	5.24
synonym	5.24
phytohormon	5.24
f2	5.234
quantifi	5.234
peroxid	5.234
young	5.23
encompass	5.23
sub	5.227
exchang	5.223
reli	5.223
reliabl	5.223
america	5.223
rot	5.22
destruct	5.22
univers	5.21
face	5.203
princip	5.203
cm	5.2
solid	5.2
latter	5.195
herit	5.195
fatti	5.195
elong	5.195
coverag	5.19
threaten	5.19
prefer	5.19
scientif	5.19
receptor	5.184
transpos	5.184
fungu	5.18
malondialdehyd	5.18
diet	5.18
signatur	5.176
genu	5.17
what	5.168
grain	5.168
underpin	5.164
dens	5.164
fast	5.164
ever	5.16
mutagenesi	5.16
frame	5.156
feasibl	5.156
vivo	5.156
devast	5.152
label	5.145
annual	5.14
resolv	5.137
pre	5.137
remov	5.137
eventu	5.133
situ	5.13
preval	5.125
planta	5.125
abstract	5.12
faster	5.12
chromatographi	5.12
land	5.117
merril	5.117
prolifer	5.117
superfamili	5.113
vast	5.113
adjust	5.113
easili	5.113
prospect	5.113
disrupt	5.113
fraction	5.11
surround	5.11
evolutionarili	5.105
kind	5.098
cascad	5.098
varianc	5.098
retriev	5.094
classic	5.094
progenitor	5.09
owe	5.09
subgroup	5.09
proven	5.09
resultsth	5.09
asia	5.086
kyoto	5.086
donor	5.086
bulk	5.082
constitu	5.082
death	5.082
alreadi	5.08
huge	5.08
ideal	5.08
inhibitor	5.074
strain	5.074
osmot	5.07
onlin	5.07
legumin	5.066
secret	5.066
vascular	5.062
inter	5.062
zucc	5.06
qtl	5.06
zea	5.055
serin	5.055
old	5.055
rhizobia	5.05
slightli	5.05
proper	5.05
encyclopedia	5.043
twelv	5.043
onto	5.04
advent	5.04
mda	5.04
surfac	5.04
softwar	5.035
etc	5.03
salin	5.03
loop	5.03
connect	5.03
silenc	5.03
dehydrogenas	5.027
ma	5.027
suit	5.023
scaveng	5.02
arrang	5.02
vector	5.02
divis	5.016
hold	5.016
acquisit	5.01
competit	5.01
org	5.01
liquid	5.01
alon	5.01
thought	5.008
phenomenon	5.008
presum	5.004
southern	5.0
heterozyg	5.0
innov	4.996
characteris	4.996
elus	4.996
toxic	4.996
photosynthet	4.992
visual	4.99
genic	4.99
mitogen	4.984
branch	4.984
pave	4.98
complic	4.98
allevi	4.98
variant	4.98
rhizobi	4.977
omic	4.977
refin	4.977
tremend	4.973
chosen	4.973
rnai	4.965
tropic	4.965
deploy	4.965
oil	4.965
beyond	4.96
finger	4.96
race	4.96
rescu	4.957
just	4.957
unevenli	4.957
resid	4.957
ichinoh	4.957
north	4.953
appropri	4.95
elev	4.95
interf	4.945
chines	4.945
must	4.94
self	4.938
deposit	4.934
coli	4.93
benthamiana	4.93
stapl	4.93
pleiotrop	4.93
temperatur	4.926
livestock	4.926
asian	4.926
preserv	4.926
contig	4.926
shorter	4.92
bound	4.918
nacl	4.918
gwa	4.914
virul	4.914
quantiti	4.91
cytochrom	4.91
emphasi	4.902
web	4.902
resili	4.9
superior	4.89
bring	4.89
pathogenesi	4.89
repressor	4.89
billion	4.887
obviou	4.887
www	4.887
conclusionth	4.887
assimil	4.887
fertil	4.887
spectrum	4.883
trace	4.883
glutathion	4.883
believ	4.88
emphas	4.88
resultsher	4.88
split	4.88
scaffold	4.88
cicer	4.88
dicot	4.875
mode	4.87
avoid	4.87
wall	4.863
mark	4.863
deep	4.86
poor	4.86
declin	4.855
symptom	4.855
beadchip	4.855
reductas	4.855
node	4.85
machineri	4.85
percept	4.85
microorgan	4.848
introgress	4.844
inclus	4.844
agent	4.84
domest	4.84
inde	4.84
nematod	4.836
scienc	4.836
hydrogen	4.836
none	4.832
weak	4.832
undertaken	4.832
everi	4.83
centuri	4.83
scope	4.824
carboxyl	4.824
done	4.824
phosphoru	4.824
own	4.824
calcul	4.82
mutagen	4.82
unpreced	4.816
height	4.812
maxim	4.812
terminu	4.81
diversifi	4.805
cultur	4.805
invers	4.805
aba	4.805
box	4.8
transloc	4.8
triacylglycerol	4.8
pseudogen	4.797
nonsynonym	4.797
solanum	4.797
polyploid	4.793
prerequisit	4.793
promin	4.793
eleven	4.793
backcross	4.79
era	4.79
exposur	4.79
cue	4.79
lycopersicum	4.79
superoxid	4.79
scientist	4.785
bottleneck	4.785
programm	4.78
stabli	4.78
flexibl	4.777
fresh	4.777
transferas	4.773
speciat	4.773
scenario	4.766
monitor	4.766
partner	4.766
hydropon	4.758
paleopolyploid	4.758
dismutas	4.758
anti	4.758
avenu	4.754
ammonia	4.754
replic	4.754
blast	4.754
northern	4.75
triplic	4.75
standard	4.75
cannot	4.75
hypersensit	4.746
basal	4.746
descript	4.742
meristem	4.742
maiz	4.742
prepar	4.74
fewer	4.74
pod	4.734
hidden	4.73
intracellular	4.73
fate	4.73
match	4.73
defici	4.727
sativum	4.727
greatest	4.727
organel	4.727
microb	4.723
medicin	4.723
list	4.723
south	4.723
uncharacter	4.723
drought	4.723
apic	4.72
stronger	4.72
risk	4.715
rais	4.715
altogeth	4.715
chloroplast	4.715
histor	4.71
fact	4.707
briefli	4.707
oxidas	4.707
knot	4.703
pose	4.7
popular	4.7
interfac	4.7
acet	4.695
massiv	4.695
intermedi	4.695
come	4.695
isoform	4.695
market	4.69
embryo	4.69
phytophthora	4.688
moss	4.688
recurr	4.688
affin	4.684
seen	4.684
n50	4.676
cereal	4.676
trichocarpa	4.676
indol	4.676
algorithm	4.664
constrain	4.664
peroxidas	4.664
gu	4.664
net	4.66
homologu	4.66
hamper	4.66
broaden	4.66
hinder	4.66
accordingli	4.66
likelihood	4.656
correct	4.656
distantli	4.652
fifteen	4.652
escherichia	4.652
indispens	4.652
compat	4.65
drastic	4.645
abstractsoybean	4.645
durabl	4.64
outlin	4.64
accept	4.64
shock	4.64
round	4.637
codon	4.633
epigenet	4.633
quickli	4.63
true	4.625
option	4.625
versu	4.62
cajanu	4.62
retent	4.617
homozyg	4.617
input	4.613
electrophoresi	4.613
gibberellin	4.613
difficulti	4.61
photoperiod	4.61
specul	4.61
arietinum	4.605
portion	4.605
pipelin	4.605
break	4.605
attack	4.6
reprogram	4.6
prematur	4.6
bean	4.598
broader	4.594
built	4.594
insuffici	4.594
repertoir	4.594
pairwis	4.59
recov	4.59
intergen	4.59
player	4.59
ssr	4.586
latitud	4.586
user	4.582
glyma	4.574
replac	4.57
excess	4.57
delimit	4.566
agrobacterium	4.566
haplotyp	4.562
defenc	4.56
tobacco	4.555
path	4.555
carrier	4.555
effector	4.555
score	4.55
pisum	4.55
cajan	4.55
anticip	4.55
spite	4.55
cleav	4.547
chlorophyl	4.547
biogenesi	4.547
farm	4.543
procedur	4.543
recalcitr	4.543
side	4.54
track	4.54
markov	4.54
plu	4.54
detoxif	4.54
exert	4.535
prokaryot	4.535
accuraci	4.53
thirti	4.53
ro	4.53
concept	4.523
rhizobium	4.523
hand	4.523
top	4.52
soy	4.51
extracellular	4.51
spp	4.51
atmospher	4.51
usa	4.508
truncat	4.504
canon	4.504
digit	4.504
today	4.5
abstractth	4.5
freeli	4.5
desaturas	4.5
lesion	4.5
tune	4.496
aphi	4.496
alway	4.496
gel	4.496
indel	4.496
udp	4.496
bimolecular	4.496
evidenc	4.496
unexplor	4.496
fit	4.492
fourth	4.49
forti	4.49
wider	4.49
scarc	4.49
bioactiv	4.484
intra	4.48
vigna	4.477
reproduc	4.473
viral	4.47
stressor	4.47
epiderm	4.465
suffer	4.465
qualit	4.465
exclud	4.465
matrix	4.465
insect	4.46
polypeptid	4.46
mobil	4.46
interpret	4.457
preliminari	4.457
farmer	4.457
lyas	4.457
auxin	4.453
fuel	4.453
fall	4.453
behavior	4.453
join	4.453
probe	4.453
sieb	4.453
synthet	4.45
deeper	4.445
japan	4.44
unveil	4.438
situat	4.438
partli	4.438
protocol	4.438
peopl	4.434
contributor	4.434
urgent	4.43
output	4.43
strengthen	4.43
principl	4.43
hiseq	4.43
bud	4.43
know	4.426
blot	4.426
simul	4.426
gave	4.414
warm	4.414
ld	4.41
insensit	4.41
pollin	4.41
fuse	4.41
satur	4.406
represent	4.402
ecosystem	4.402
task	4.402
outcom	4.4
immatur	4.4
collinear	4.4
oligosaccharid	4.4
usda	4.4
posttranscript	4.395
regardless	4.395
knock	4.395
suppressor	4.395
ferment	4.39
arbuscular	4.387
fourteen	4.38
solv	4.38
revolution	4.38
ethyl	4.38
harm	4.375
criteria	4.375
inactiv	4.375
tran	4.37
mitig	4.37
edu	4.37
saccharomyc	4.37
agreement	4.37
cerevisia	4.37
partit	4.37
perceiv	4.367
triticum	4.367
autoregul	4.367
speed	4.367
threonin	4.367
chromatin	4.367
proxim	4.363
strength	4.363
ka	4.363
nativ	4.363
cv	4.36
dual	4.36
unguiculata	4.36
soysnp50k	4.36
intact	4.36
age	4.36
paten	4.36
physcomitrella	4.355
nor	4.355
center	4.35
hydroxylas	4.348
gradual	4.348
cut	4.348
incomplet	4.348
actual	4.348
percentag	4.344
heat	4.344
consecut	4.34
aestivum	4.34
electron	4.34
layer	4.34
onset	4.34
linol	4.336
aris	4.336
boost	4.336
deal	4.336
note	4.336
oper	4.336
mitochondria	4.33
cold	4.33
neutral	4.324
aros	4.32
charact	4.316
glucuronidas	4.316
chaperon	4.316
ongo	4.316
supplement	4.312
germin	4.312
salt	4.312
matsumura	4.31
conclusionsin	4.31
diminish	4.31
pinpoint	4.31
prone	4.31
below	4.31
necrosi	4.31
spread	4.31
edit	4.31
wt	4.31
tetraploid	4.305
phenylpropanoid	4.305
compart	4.305
flow	4.305
sens	4.3
attach	4.3
terrestri	4.293
kda	4.293
build	4.293
spot	4.293
absorpt	4.293
isomeras	4.29
sugar	4.29
oomycet	4.29
bicolor	4.285
knockout	4.28
stop	4.28
polyunsatur	4.277
mechanist	4.277
digest	4.277
japanes	4.277
analyt	4.277
peg	4.273
resembl	4.273
prolong	4.273
receiv	4.273
move	4.273
enter	4.273
exact	4.273
custom	4.273
ligand	4.27
apparatu	4.266
imper	4.26
vinifera	4.258
paradigm	4.258
repair	4.258
conform	4.258
miss	4.258
week	4.258
ks	4.258
chalcon	4.258
cassett	4.254
floral	4.254
invas	4.254
pyramid	4.254
spatial	4.25
ap2	4.25
catabol	4.246
spontan	4.246
equival	4.246
care	4.246
inher	4.246
elabor	4.246
look	4.246
corrobor	4.246
zipper	4.246
h2o2	4.242
sanger	4.242
abnorm	4.242
fluctuat	4.24
taxonom	4.24
sequenti	4.24
transmit	4.24
subunit	4.24
stain	4.234
a2	4.234
transposit	4.234
machin	4.23
filter	4.23
homeolog	4.227
permit	4.227
splice	4.223
immunoprecipit	4.215
fail	4.215
compromis	4.215
redox	4.21
phosphatas	4.207
red	4.207
inner	4.207
bear	4.207
born	4.207
enorm	4.207
impos	4.207
thorough	4.207
choic	4.207
taxa	4.203
raimondii	4.203
learn	4.203
zhonghuang	4.2
genera	4.195
exemplifi	4.19
postul	4.19
innat	4.19
deplet	4.184
syndrom	4.184
conclusionsthes	4.184
notion	4.184
tabacum	4.184
unfavor	4.184
closest	4.184
durat	4.184
hypogaea	4.18
reinforc	4.176
itself	4.176
undesir	4.176
intriguingli	4.176
dispers	4.176
invert	4.176
western	4.176
allotetraploid	4.176
virus	4.17
burst	4.17
bradyrhizobium	4.17
deficit	4.168
knockdown	4.164
est	4.164
pollen	4.164
usag	4.164
glycolysi	4.16
feedback	4.152
flavonoid	4.15
hydrolas	4.15
occupi	4.145
mock	4.145
alpha	4.145
temper	4.145
flux	4.14
acyl	4.14
expedit	4.14
becam	4.14
neither	4.14
vicin	4.14
fulfil	4.14
gather	4.14
radic	4.14
bond	4.137
ascorb	4.133
cotyledon	4.133
phenylalanin	4.13
hypocotyl	4.13
attenu	4.13
dehydr	4.13
plastic	4.125
pigment	4.125
amplicon	4.125
ubiquitin	4.125
iselect	4.12
spatiotempor	4.117
hirsutum	4.117
daidzein	4.117
lag	4.117
outsid	4.117
asymmetr	4.117
laboratori	4.113
mutual	4.113
coloc	4.113
strike	4.113
pictur	4.113
calcium	4.11
spatio	4.11
phospholipid	4.105
bridg	4.105
trifoli	4.105
creation	4.105
conclusionthi	4.105
disturb	4.105
unexpectedli	4.105
master	4.105
depict	4.105
perhap	4.105
ethylen	4.105
slow	4.1
stand	4.1
tyrosin	4.094
brassicacea	4.094
wound	4.094
consensu	4.09
immedi	4.09
converg	4.09
gfp	4.086
poplar	4.086
dicotyledon	4.086
unusu	4.082
diacylglycerol	4.082
nomenclatur	4.074
pharmaceut	4.074
inact	4.074
sudden	4.074
indirectli	4.074
phytozom	4.074
persist	4.074
allopolyploid	4.074
glycine_max	4.07
landscap	4.07
chip	4.07
discrimin	4.07
queri	4.07
polyploidi	4.07
hous	4.066
polyethylen	4.066
keep	4.066
perfect	4.066
rhizogen	4.066
thirteen	4.066
biparent	4.066
homoeolog	4.062
transposon	4.062
cleavag	4.062
epistat	4.062
forag	4.06
hydrolysi	4.055
vacuolar	4.055
sucros	4.055
iv	4.055
indirect	4.05
equal	4.05
manual	4.05
noncod	4.05
shotgun	4.05
novelti	4.047
threshold	4.047
back	4.047
cas9	4.043
eudicot	4.043
sclerotinia	4.043
big	4.043
brassinosteroid	4.043
intrigu	4.04
distant	4.04
reciproc	4.04
lowest	4.035
subfunction	4.035
micronutri	4.035
pronounc	4.03
messageth	4.03
onc	4.03
methanesulfon	4.03
junction	4.03
sought	4.03
retard	4.03
nineteen	4.03
geneticist	4.03
enough	4.03
detriment	4.03
leakag	4.03
lose	4.03
store	4.02
femal	4.016
easi	4.016
fruit	4.01
section	4.01
missens	4.008
sorghum	4.004
synthetas	4.004
phytochrom	4.004
intrins	4.004
phenol	4.004
internod	4.0
maf	4.0
chelat	4.0
traffick	4.0
carboxylas	3.998
dark	3.996
movement	3.994
glutamin	3.992
margin	3.992
former	3.992
technic	3.992
habitat	3.992
regress	3.992
affymetrix	3.992
mya	3.992
get	3.992
efflux	3.99
tip	3.986
gibberel	3.986
synergist	3.986
empti	3.986
lc	3.982
heavi	3.982
tomato	3.98
mini	3.98
crispr	3.979
prioriti	3.979
related	3.979
mimic	3.979
magnitud	3.979
glycol	3.979
off	3.975
bio	3.973
micro	3.973
homogen	3.973
mammalian	3.973
recommend	3.973
penetr	3.973
mycorrhiz	3.97
africa	3.97
fabacea	3.97
constan	3.969
sister	3.969
microscopi	3.967
coexpress	3.965
cytosol	3.963
contamin	3.963
barrier	3.963
flavor	3.963
compil	3.963
v1	3.963
ng	3.96
messagea	3.959
sometim	3.959
physicochem	3.959
conclusionsa	3.959
tf	3.957
phylogenom	3.955
centromer	3.955
amen	3.951
apart	3.951
surprisingli	3.951
routin	3.951
idea	3.951
exceed	3.951
hallmark	3.951
interplay	3.951
brief	3.951
obscur	3.951
channel	3.947
fingerprint	3.947
decay	3.947
chlorosi	3.945
mottl	3.938
quantif	3.936
clean	3.926
pv	3.924
gb	3.924
ec	3.924
recruit	3.922
sixteen	3.92
unrel	3.92
helic	3.92
expens	3.92
f7	3.916
biotroph	3.914
pot	3.912
meloidogyn	3.912
harbour	3.912
quit	3.912
verif	3.912
orchestr	3.912
virtual	3.912
sodium	3.912
bias	3.912
symbiont	3.912
heterozygos	3.91
nam	3.904
pr	3.904
coa	3.904
thread	3.904
homeodomain	3.9
coeffici	3.898
curat	3.898
primer	3.898
run	3.896
f6	3.895
strongest	3.895
respir	3.895
necessit	3.893
japonicum	3.89
bryophyt	3.89
arginin	3.89
o2	3.889
renew	3.889
neighbor	3.887
neofunction	3.883
commod	3.875
readili	3.875
pentatricopeptid	3.875
laser	3.875
unequ	3.875
resultsto	3.875
ray	3.875
art	3.875
pollut	3.871
radiat	3.871
lod	3.871
fill	3.871
arabidopsis_thaliana	3.87
singleton	3.867
respiratori	3.865
preced	3.865
serious	3.865
sativu	3.865
walp	3.865
thoroughli	3.865
instrument	3.865
steadi	3.865
onion	3.865
messeng	3.865
brought	3.865
descend	3.865
combat	3.865
restor	3.865
meal	3.863
transcrib	3.861
elicit	3.861
glycosyl	3.86
heterogen	3.86
utr	3.854
starch	3.848
pi	3.848
nannong	3.842
degener	3.84
yellow	3.838
infest	3.836
phakopsora	3.836
institut	3.836
catalog	3.836
empir	3.836
dimer	3.836
rust	3.836
mutualist	3.836
com	3.836
color	3.834
antagonist	3.828
jp	3.828
confin	3.828
sole	3.828
inorgan	3.828
entri	3.828
themselv	3.828
cooper	3.828
synchron	3.828
f8	3.828
rhythm	3.826
ligas	3.826
retrotransposon	3.826
remodel	3.822
bifc	3.82
charleston	3.818
microscop	3.818
pseudomona	3.818
export	3.818
primordia	3.816
medicago_truncatula	3.816
dicer	3.814
recycl	3.814
switch	3.814
leverag	3.812
download	3.812
rout	3.812
hydrolyz	3.812
optimum	3.812
augment	3.812
biologist	3.812
omega	3.809
assum	3.809
repeatedli	3.809
peptid	3.805
fat	3.805
var	3.805
glycosyltransferas	3.803
boundari	3.803
ncbi	3.797
deliv	3.793
kbp	3.793
histidin	3.79
mitochondri	3.785
record	3.785
untransl	3.785
graphic	3.785
arabl	3.785
arid	3.785
plastid	3.781
outer	3.78
beta	3.777
perturb	3.775
leafi	3.775
grew	3.775
oppos	3.775
imped	3.775
inexpens	3.775
collabor	3.775
intric	3.775
monophylet	3.775
discern	3.775
page	3.775
interspecif	3.773
canada	3.773
null	3.771
methyltransferas	3.771
semi	3.768
pacbio	3.766
constant	3.764
transactiv	3.764
purif	3.764
nt	3.764
na	3.764
catalys	3.758
haploid	3.754
rest	3.752
epigenom	3.75
mad	3.748
bi	3.748
ingredi	3.748
talk	3.748
nucleic	3.748
chr	3.748
photosystem	3.746
sp	3.746
likewis	3.74
driver	3.74
cosegreg	3.74
constantli	3.74
proof	3.74
rainfal	3.74
trajectori	3.74
pace	3.74
definit	3.74
precipit	3.74
orient	3.736
hierarch	3.732
unexpect	3.732
microbi	3.732
potent	3.73
alcohol	3.73
vs	3.73
cucumi	3.725
heterochromat	3.725
tuberosum	3.725
volum	3.725
ground	3.725
enrei	3.723
nodul	3.72
revolut	3.719
mbp	3.719
symbios	3.717
biofuel	3.715
aspart	3.713
took	3.709
catalas	3.707
arm	3.703
moellendorffii	3.7
weakli	3.7
error	3.697
juvenil	3.695
stomat	3.693
transpir	3.691
american	3.691
myb	3.691
commit	3.69
devis	3.69
mendelian	3.69
grape	3.688
glucos	3.682
hydrophob	3.682
bayesian	3.682
realiz	3.68
bombard	3.68
invalu	3.68
eighteen	3.68
answer	3.68
automat	3.68
exhaust	3.68
concomit	3.68
perfectli	3.68
add	3.68
unabl	3.68
fifti	3.68
warrant	3.68
propag	3.68
incid	3.68
unidentifi	3.68
atp	3.68
crosstalk	3.678
compet	3.676
organogenesi	3.674
scan	3.672
cytosin	3.672
feedstock	3.668
autom	3.668
absolut	3.668
cytokinin	3.666
e3	3.666
author	3.662
f3	3.662
polysaccharid	3.662
accomplish	3.66
substanc	3.66
mammal	3.66
habit	3.658
bodi	3.658
har	3.654
minimum	3.654
calmodulin	3.652
vulner	3.652
insid	3.652
dioxygenas	3.652
squamosa	3.652
deg	3.652
enlarg	3.65
viabil	3.648
pericentromer	3.646
shorten	3.646
browser	3.646
roch	3.645
organism	3.645
tertiari	3.645
plan	3.645
healthi	3.645
sophist	3.645
joint	3.645
microsynteni	3.645
concert	3.645
gradient	3.645
visibl	3.645
diphosph	3.645
contrari	3.645
compens	3.645
nutriti	3.645
nation	3.645
cystein	3.643
rank	3.64
sensor	3.64
invad	3.64
em	3.639
extant	3.635
microsatellit	3.635
edg	3.633
viridiplanta	3.633
analog	3.633
aerial	3.627
phosphoryl	3.62
glycosid	3.62
imag	3.615
tricarboxyl	3.613
brazil	3.613
peke	3.61
nucleas	3.607
ca	3.605
lupinu	3.604
colon	3.602
polar	3.6
wheat	3.6
pectin	3.598
bac	3.594
fish	3.592
perenni	3.592
safeti	3.59
interleukin	3.586
conjunct	3.586
proton	3.58
distal	3.58
lignin	3.58
incompat	3.578
conclusionw	3.576
mysteri	3.576
ornament	3.576
strictli	3.576
toll	3.576
stearoyl	3.576
slight	3.576
profound	3.576
unstabl	3.576
unfold	3.576
laid	3.576
informat	3.576
cytolog	3.576
immens	3.576
inconsist	3.576
bin	3.576
b1	3.576
tendenc	3.57
lot	3.57
topic	3.57
pseudo	3.57
depriv	3.568
exud	3.564
solanacea	3.564
infinium	3.562
hotspot	3.56
meta	3.56
compact	3.56
decis	3.559
europ	3.559
phosphoenolpyruv	3.559
gossypium	3.559
irrig	3.559
exot	3.559
till	3.555
cap	3.555
sink	3.553
mesoamerican	3.553
circular	3.55
extrus	3.55
scheme	3.55
flx	3.55
tailor	3.55
fell	3.55
nod	3.55
metal	3.549
ineffici	3.549
f1	3.543
embryogenesi	3.543
syringa	3.543
magnesium	3.543
tabl	3.543
percent	3.543
render	3.543
abundantli	3.543
outperform	3.543
templat	3.543
fodder	3.543
crystal	3.543
cofactor	3.543
immunoblot	3.543
cyclic	3.543
predat	3.543
lipas	3.543
appreci	3.543
happen	3.543
obvious	3.543
subtract	3.543
arboreum	3.541
modular	3.541
pathosystem	3.541
talen	3.541
multidrug	3.541
injuri	3.54
deliveri	3.537
hi	3.537
macronutri	3.535
hydroxyl	3.533
websit	3.533
simplifi	3.533
pachyrhizi	3.533
endonucleas	3.533
notic	3.533
medic	3.533
mesophyl	3.533
transcriptas	3.53
bioavail	3.527
kinet	3.523
vacuol	3.521
pan	3.52
elicitor	3.514
aquaporin	3.514
populu	3.512
hub	3.512
fusarium	3.508
papilionoidea	3.506
cortic	3.506
atla	3.502
pseudomolecul	3.502
antibodi	3.496
efficaci	3.496
avirul	3.496
save	3.496
phloem	3.496
vitamin	3.494
middl	3.49
thioredoxin	3.486
rad	3.482
breakdown	3.48
cytogenet	3.479
multiplex	3.479
mildew	3.477
thick	3.475
east	3.475
sa	3.473
aluminum	3.473
older	3.473
polygen	3.473
nonsens	3.473
sci	3.473
lrr	3.47
reserv	3.469
blue	3.465
utilis	3.465
herb	3.465
closer	3.465
necrotroph	3.465
epidermi	3.465
symbol	3.465
pharmacolog	3.465
aberr	3.465
whilst	3.465
ataf1	3.465
roughli	3.465
firstli	3.465
explan	3.465
window	3.465
dedic	3.465
uneven	3.465
delin	3.465
electrolyt	3.465
subtl	3.465
meaning	3.465
wealth	3.465
motiv	3.465
hope	3.465
otherwis	3.465
ioniz	3.465
sessil	3.465
seventeen	3.465
anatom	3.465
siebold	3.465
conclusionour	3.465
slower	3.465
gaertn	3.465
hypothet	3.463
dock	3.463
grass	3.463
proteas	3.46
powderi	3.46
transmiss	3.459
hit	3.457
transduc	3.457
medium	3.457
n2	3.455
nodulin	3.455
helix	3.451
methyl	3.45
withstand	3.441
servic	3.441
nineti	3.441
pfam	3.441
mention	3.441
plethora	3.441
ton	3.441
glycerol	3.441
cotton	3.44
optic	3.44
tube	3.432
hplc	3.432
spectroscopi	3.432
submit	3.432
manifest	3.432
stringent	3.432
melt	3.432
rule	3.432
dozen	3.432
mileston	3.432
multicellular	3.432
birth	3.432
envelop	3.432
concord	3.432
weaken	3.432
biofortif	3.432
earliest	3.432
heterotrimer	3.432
miner	3.43
dreb	3.43
polym	3.428
meristemat	3.428
favour	3.428
uninfect	3.428
euchromat	3.428
afford	3.428
cognat	3.428
phytoalexin	3.428
sd	3.426
excis	3.426
bsa	3.424
radiata	3.424
korea	3.422
ms	3.42
aglycon	3.418
orphan	3.416
aggreg	3.414
white	3.414
coat	3.406
male	3.406
ph	3.402
upland	3.398
relax	3.398
alkaloid	3.396
vesicl	3.395
brown	3.387
gymnosperm	3.385
methionin	3.38
nitric	3.38
width	3.38
siliqu	3.379
poli	3.379
check	3.377
parasit	3.377
tribe	3.377
andean	3.37
nn1138	3.37
colinear	3.37
bia	3.363
server	3.363
glycine_soja	3.361
e2	3.36
wit	3.357
ethylmaleimid	3.357
steadili	3.354
ontario	3.354
calcineurin	3.354
decod	3.354
senesc	3.348
bhlh	3.348
volatil	3.348
isoflavonoid	3.344
disciplin	3.344
oxidoreductas	3.344
clavata3	3.344
embryophyt	3.344
fossil	3.344
lie	3.344
consortium	3.344
eas	3.344
colleagu	3.344
never	3.344
heynh	3.344
john	3.344
smallest	3.344
maldi	3.344
electr	3.344
detoxifi	3.344
spodoptera	3.344
deepli	3.344
simpli	3.344
merg	3.344
counteract	3.344
conveni	3.344
phylogen	3.344
subtrop	3.344
unifi	3.344
rotat	3.344
again	3.344
inadequ	3.344
reorgan	3.344
breakthrough	3.344
ionic	3.344
nonetheless	3.344
fashion	3.344
incept	3.344
rapa	3.344
exponenti	3.344
obstacl	3.344
seek	3.344
curl	3.344
brows	3.344
intechopen	3.344
topolog	3.342
gamma	3.342
tri	3.34
aa	3.338
id	3.338
wg	3.338
hot	3.336
angulari	3.334
mild	3.334
diffus	3.334
combinatori	3.332
ft	3.328
pyruv	3.326
biodivers	3.326
trypsin	3.326
leguminosa	3.324
specifi	3.324
polyacrylamid	3.324
barbadens	3.324
unchang	3.324
unfortun	3.324
subpopul	3.322
orthologu	3.322
p450	3.322
sinorhizobium	3.322
ribosom	3.32
ga	3.316
forest	3.316
b2	3.316
vertebr	3.316
stunt	3.316
interrog	3.316
monogastr	3.316
india	3.316
nitrogenas	3.314
adult	3.314
phytochem	3.314
heavili	3.314
apetala2	3.314
tca	3.314
argu	3.314
hydrophil	3.314
nich	3.314
too	3.314
localis	3.314
pustul	3.314
meja	3.309
untreat	3.309
arachi	3.307
nac	3.307
cg	3.307
monocotyledon	3.305
acyltransferas	3.303
tripl	3.295
korean	3.293
gc	3.291
starvat	3.29
gs	3.29
viabl	3.29
golgi	3.287
ds	3.287
blight	3.285
oleic	3.281
transgress	3.281
endosperm	3.28
zone	3.273
vasculatur	3.266
unsatur	3.262
r2	3.256
foliar	3.256
posttransl	3.256
dormanc	3.254
angustifoliu	3.252
cation	3.25
wrki	3.25
pro	3.248
xylem	3.246
regener	3.242
morphogenesi	3.24
pea	3.238
hour	3.236
bisulfit	3.236
horizont	3.236
f5	3.236
antiport	3.234
coil	3.232
nad	3.232
mono	3.232
unigen	3.232
d2	3.229
isoelectr	3.229
chimer	3.227
biodiesel	3.227
hair	3.225
jack	3.223
cim	3.223
frameshift	3.223
seventi	3.223
manur	3.223
soon	3.223
compress	3.223
uniformli	3.223
illumin	3.223
atyp	3.22
epistasi	3.22
ja	3.219
egg	3.219
phospholipas	3.219
erf	3.217
mixtur	3.217
electrophoret	3.21
tight	3.21
execut	3.21
teosint	3.21
strikingli	3.21
distachyon	3.21
upper	3.21
newer	3.21
albeit	3.21
abi	3.21
oblig	3.21
whi	3.21
wiley	3.21
multitud	3.21
failur	3.21
chlamydomona	3.21
megabas	3.21
underway	3.21
twice	3.21
formerli	3.21
portal	3.21
soysnp	3.21
authent	3.21
latent	3.21
impart	3.21
reminisc	3.21
labor	3.21
imbal	3.21
began	3.21
inbreed	3.21
dephosphoryl	3.21
ration	3.21
pr1	3.21
son	3.21
stock	3.21
handl	3.21
intuit	3.21
irrespect	3.21
kunitz	3.21
heterozygot	3.21
oe	3.209
ultraviolet	3.205
tent	3.203
unbias	3.203
vi	3.201
bundl	3.195
protoplast	3.195
tumefacien	3.195
charg	3.193
erebp	3.193
cutworm	3.193
economi	3.193
dysfunct	3.193
stomata	3.193
pic	3.193
napu	3.193
organis	3.193
axillari	3.186
air	3.186
wm82	3.186
toolbox	3.186
kilobas	3.186
societi	3.186
pyrosequenc	3.186
tryptophan	3.186
redundantli	3.186
github	3.186
intend	3.186
drug	3.186
bank	3.186
mannitol	3.186
monooxygenas	3.186
fibr	3.186
formul	3.186
embed	3.186
mega	3.186
see	3.186
tonoplast	3.186
dissemin	3.186
shortag	3.186
spars	3.186
inhibitori	3.184
abr	3.184
mid	3.18
kasp	3.178
isozym	3.178
subclass	3.178
viti	3.176
herbicid	3.172
a1	3.172
priorit	3.17
alloc	3.166
slaf	3.166
rnaseq	3.16
circadian	3.16
goldeng	3.154
wilt	3.154
wgd	3.154
ser	3.15
cellulos	3.146
mm	3.145
hairpin	3.145
biochemistri	3.143
anion	3.14
matter	3.14
palmit	3.14
di	3.137
potassium	3.137
ac	3.137
trial	3.133
glucosidas	3.13
t1	3.13
regim	3.127
lycophyt	3.127
rosid	3.121
paralogu	3.121
agam	3.115
safe	3.115
concurr	3.105
compartment	3.105
y2h	3.096
d1b	3.096
allergen	3.092
european	3.092
amelior	3.088
depart	3.088
woodi	3.088
chickpea	3.086
e4	3.086
cadmium	3.084
matern	3.084
nadph	3.08
rhg4	3.078
glutam	3.076
huai	3.076
chose	3.076
preliminarili	3.076
diamet	3.076
sulfur	3.07
metric	3.064
poultri	3.064
encount	3.064
longest	3.064
quarter	3.064
interrupt	3.064
conclusiona	3.064
evenli	3.064
len	3.064
extinct	3.064
logarithm	3.064
huang	3.064
bari	3.064
dollar	3.064
litura	3.064
html	3.064
jointli	3.064
worth	3.064
oligomer	3.064
broken	3.064
deregul	3.064
agronomi	3.064
costli	3.064
unaffect	3.064
weather	3.064
upload	3.064
circumst	3.064
luciferas	3.064
lib	3.064
who	3.064
drag	3.064
cycloidea	3.064
underlin	3.064
comprehend	3.064
undetect	3.064
kompetit	3.064
myriad	3.064
thereaft	3.064
argentina	3.064
taxon	3.064
deepen	3.064
approv	3.064
homo	3.064
dissimilar	3.064
pass	3.064
guidanc	3.064
analogu	3.064
makeup	3.064
disclos	3.064
hordeum	3.064
distinctli	3.064
dispar	3.064
messagew	3.064
maker	3.06
barrel	3.06
benchmark	3.06
allopolyploidi	3.06
zyd00006	3.06
macro	3.06
phytophthora_soja	3.055
earth	3.055
wave	3.055
interconnect	3.055
karyotyp	3.053
intercellular	3.05
phaseolus_vulgari	3.05
nuclei	3.049
brassica	3.045
bat93	3.043
kept	3.043
tata	3.043
repositori	3.043
deacetylas	3.043
neo	3.043
fide	3.043
aminobutyr	3.043
chanc	3.043
tail	3.043
brassinolid	3.043
overrepres	3.043
archaea	3.043
smart	3.043
bona	3.043
hemicellulos	3.043
particl	3.043
lesser	3.043
myc	3.043
genorm	3.043
return	3.043
ankyrin	3.043
contract	3.043
moieti	3.037
apoplast	3.037
petiol	3.035
atpas	3.027
mlm	3.025
northeast	3.016
oligonucleotid	3.016
abi3	3.016
regular	3.016
mg	3.016
nanopor	3.014
myo	3.012
latitudin	3.008
methylesteras	3.008
tandemli	3.008
poacea	3.004
abc	3.002
graft	3.002
soybas	3.0
deterior	2.996
hg	2.994
heterochromatin	2.986
steril	2.986
sum	2.986
media	2.984
petal	2.982
viz	2.982
cc	2.979
fed	2.977
rp	2.97
workflow	2.969
culinari	2.969
defend	2.969
outgroup	2.969
florigen	2.965
col	2.963
proteolyt	2.963
unintend	2.963
underutil	2.963
cytotox	2.963
ketoacyl	2.963
conjug	2.957
peanut	2.955
fern	2.955
herbivori	2.955
h2	2.955
nest	2.955
lipoxygenas	2.95
mitot	2.943
chg	2.943
stack	2.943
abort	2.943
diurnal	2.941
apex	2.938
barley	2.938
super	2.932
genistein	2.93
fr	2.93
fiber	2.928
sepal	2.926
manganes	2.926
gall	2.926
heterosi	2.922
fukuyutaka	2.918
vig	2.918
dongnong	2.916
fals	2.916
skeleton	2.916
pyrophosph	2.916
interspers	2.916
papain	2.916
mount	2.916
calcar	2.916
dimens	2.916
exom	2.916
bred	2.916
nutraceut	2.916
dongnong594	2.916
shikim	2.916
ultrastructur	2.916
methylom	2.916
anthocyanin	2.914
unansw	2.912
navig	2.912
labori	2.912
disadvantag	2.912
strateg	2.912
tof	2.912
train	2.91
phaseolea	2.906
pamp	2.904
absorb	2.904
proteasom	2.904
uniform	2.904
stimulu	2.902
herbivor	2.902
anther	2.9
imbibit	2.9
transvers	2.9
heart	2.9
meiotic	2.9
vice	2.9
microsymbiont	2.9
equip	2.9
figur	2.9
offspr	2.9
cash	2.9
choos	2.9
rpp3	2.9
bigger	2.9
weaker	2.9
km	2.9
simpler	2.9
nearest	2.9
vulgar	2.9
sixth	2.9
placement	2.9
abstractphytophthora	2.9
neglig	2.9
tractabl	2.9
provok	2.9
scorch	2.9
myeloblastosi	2.9
straightforward	2.9
mayb	2.9
chicken	2.9
predictor	2.9
elsewher	2.9
huaxia	2.9
premis	2.9
elf3	2.9
primit	2.9
problemat	2.9
wrinkled1	2.9
multifacet	2.9
compel	2.9
arrest	2.9
hydrolyt	2.9
scatter	2.9
hydroxi	2.9
lastli	2.9
properli	2.9
landmark	2.9
versa	2.9
saharan	2.9
illegitim	2.9
skip	2.9
triphosph	2.9
clonal	2.9
monogen	2.9
messagetwo	2.9
circul	2.9
nobl	2.9
bacterium	2.9
ipaensi	2.9
peculiar	2.9
centimorgan	2.9
agre	2.9
penalti	2.9
interconvers	2.9
hereaft	2.9
axonopodi	2.9
ra	2.9
fabriciu	2.9
miso	2.9
rlm	2.9
quick	2.9
reservoir	2.9
globe	2.9
unicellular	2.9
instabl	2.9
geo	2.898
unanchor	2.898
acetyl	2.896
degradom	2.896
prr	2.896
ga3	2.895
e1	2.895
photoreceptor	2.893
australia	2.893
c1	2.893
brachypodium	2.893
bacteroid	2.89
kg	2.889
multifunct	2.887
deviat	2.887
chimera	2.887
moistur	2.887
migrat	2.887
subdivid	2.887
cancer	2.887
trade	2.887
intak	2.887
catalysi	2.887
pioneer	2.887
attain	2.887
microsom	2.887
correctli	2.887
suinong	2.887
backbon	2.887
demograph	2.887
polyamin	2.887
nonfunct	2.887
blade	2.887
bait	2.887
hexaploid	2.887
apetala1	2.887
slowli	2.887
aminocyclopropan	2.887
pyrrolin	2.887
galactos	2.887
telomer	2.887
mendel	2.887
hsp	2.887
cowpea	2.885
galactinol	2.885
chamber	2.885
bioenergi	2.885
vii	2.885
sow	2.883
v2	2.883
japonica	2.88
transfect	2.879
load	2.879
solexa	2.875
bzip	2.871
pedigre	2.87
duranensi	2.87
t2	2.867
r2r3	2.865
embryon	2.863
harosoy	2.863
cotyledonari	2.854
cumul	2.854
ecotyp	2.854
mlg	2.854
strip	2.85
nadp	2.848
nm	2.844
sod	2.84
symbiosom	2.84
lethal	2.834
dc	2.834
sexual	2.832
toxin	2.832
alkalin	2.83
vesicular	2.828
acclim	2.824
suspens	2.818
adequ	2.818
incognita	2.818
pratens	2.818
puriti	2.818
inositol	2.816
strigolacton	2.816
syncytia	2.814
min	2.814
plot	2.812
phytic	2.812
cssl	2.81
dwarf	2.809
abolish	2.807
unlink	2.807
manufactur	2.807
scn	2.807
glycinin	2.803
ammonium	2.8
dt1	2.797
orf	2.795
xyloglucan	2.795
dre	2.793
ml	2.791
glucan	2.783
glucosid	2.781
kernel	2.777
embrapa	2.775
antisens	2.775
ring	2.77
appl	2.77
purin	2.77
glucosyltransferas	2.77
snpldb	2.768
inventori	2.768
rdna	2.768
turnov	2.768
rhizospher	2.768
nb	2.764
neutron	2.764
mycorrhiza	2.764
ar	2.764
mapman	2.76
count	2.76
circuit	2.758
curv	2.758
reinhardtii	2.758
macrosynteni	2.758
foreign	2.758
sequestr	2.758
guard	2.758
rwc	2.758
anaerob	2.758
ex	2.758
configur	2.758
catalogu	2.756
pti	2.756
tir	2.752
nil	2.752
irradi	2.75
organellar	2.75
alfalfa	2.748
copper	2.746
lt	2.742
histon	2.742
pigeonpea	2.74
isoflavon	2.738
acceptor	2.738
phosphoproteom	2.73
invest	2.729
miniatur	2.729
eco	2.729
valley	2.729
pigeon	2.729
rain	2.729
sequest	2.729
diagnosi	2.729
metazoan	2.729
gli	2.729
esculenta	2.727
entitl	2.727
mere	2.727
ineffect	2.727
neglect	2.727
stamen	2.725
odd	2.723
bypass	2.723
swiss	2.723
instanc	2.723
d1	2.723
xanthomona	2.717
relianc	2.713
biomolecul	2.713
dawn	2.713
hint	2.713
signifi	2.713
filtrat	2.713
noteworthi	2.713
histochem	2.713
deserv	2.713
swap	2.713
breakpoint	2.713
twofold	2.713
home	2.713
conclusionin	2.713
surpris	2.713
manuscript	2.713
shelf	2.713
sheet	2.713
prompt	2.713
overlook	2.713
agenc	2.713
collaps	2.713
aquacultur	2.713
devoid	2.713
flight	2.713
theme	2.713
dihydroflavonol	2.713
fund	2.713
astring	2.713
therapeut	2.713
amongst	2.713
parsimoni	2.713
termini	2.713
behaviour	2.713
begun	2.713
guanin	2.713
taxonomi	2.713
herbac	2.713
lambda	2.713
cosmet	2.713
microdissect	2.713
arisen	2.713
tang	2.713
grower	2.713
groundwork	2.713
gcc	2.713
resultsus	2.713
redesign	2.713
infrar	2.713
toolkit	2.713
revolutionari	2.713
intervein	2.713
undoubtedli	2.713
trichopoda	2.713
biosynthes	2.713
privat	2.713
expression	2.713
c3h	2.713
adenosin	2.713
hurdl	2.713
blastp	2.713
cytometri	2.713
excit	2.713
scf	2.713
valin	2.713
scarciti	2.713
acclimat	2.713
satisfi	2.713
hydroxymethyltransferas	2.713
ignor	2.713
communi	2.713
abi5	2.713
widen	2.713
immobil	2.713
immunolog	2.713
nano	2.713
autogam	2.713
phosphatidylethanolamin	2.713
interactor	2.713
away	2.713
zim	2.713
phosphoinositid	2.713
majorli	2.713
conclusionsoveral	2.713
uniprot	2.713
njau	2.713
d1a	2.713
profoundli	2.713
sensori	2.713
controversi	2.713
unif	2.713
pocket	2.713
axiom	2.713
dilut	2.713
grade	2.713
spring	2.713
osmolyt	2.713
dn	2.713
pull	2.713
react	2.713
assumpt	2.713
microtubul	2.713
rhl	2.713
spore	2.713
polymer	2.713
glucuron	2.713
drop	2.713
proteinas	2.713
debat	2.713
mapl	2.713
phytoen	2.713
tier	2.713
ethanol	2.713
polycomb	2.713
heterodim	2.713
polyphosph	2.713
contact	2.713
incom	2.713
archiv	2.713
unstress	2.713
phosphatid	2.713
antibacteri	2.713
lifestyl	2.713
daili	2.713
db	2.713
fifth	2.713
trifolium	2.71
c18	2.709
iaa	2.703
c2	2.701
g19833	2.7
f4	2.7
vigor	2.695
rtm	2.691
zfn	2.688
dosag	2.686
ripen	2.684
qtn	2.682
explant	2.68
subgenom	2.67
prime	2.668
filament	2.668
albu	2.664
sweep	2.662
puls	2.662
granul	2.662
soyasnp	2.662
smv	2.66
coevolut	2.66
chlorophyt	2.66
potyviru	2.66
orang	2.66
daylength	2.66
dwarfism	2.66
rpkm	2.66
gt	2.656
alanin	2.654
oxford	2.652
ancestri	2.652
arabinogalactan	2.652
oleracea	2.652
ultra	2.652
un	2.652
dioxid	2.652
indian	2.652
hetero	2.652
biomark	2.652
fredii	2.652
centr	2.652
indetermin	2.648
lupin	2.646
glycoprotein	2.645
hr	2.633
quadrupl	2.633
iron	2.627
linolen	2.62
lg	2.62
antimicrobi	2.615
chlorid	2.615
subgenu	2.613
antibiosi	2.613
photochem	2.613
cu	2.61
yr	2.61
antinutrit	2.605
packag	2.605
spectra	2.6
lodg	2.598
african	2.594
cuc2	2.594
founder	2.59
somat	2.586
proteolysi	2.586
isotop	2.586
nadh	2.58
dinucleotid	2.58
ionom	2.58
engag	2.58
intoler	2.58
fission	2.58
cinnam	2.58
nicotianamin	2.58
file	2.58
tmt	2.58
buffer	2.58
asterid	2.58
ev	2.58
lignif	2.58
aboveground	2.58
bread	2.58
dcap	2.58
thiol	2.58
anthocyanidin	2.58
condens	2.58
mirbas	2.58
wu	2.58
agro	2.58
phakopsora_pachyrhizi	2.576
natto	2.576
ch	2.576
island	2.574
kefeng	2.574
zn	2.574
nsf	2.57
srna	2.57
hypox	2.566
sirna	2.564
cook	2.56
oscil	2.56
extra	2.555
copia	2.553
heterodera_glycin	2.55
r6	2.547
genechip	2.543
disord	2.541
cy	2.537
farmcpu	2.535
iso	2.535
taqman	2.531
euchromatin	2.531
cinnamoyl	2.53
bar	2.527
barcsoysnp6k	2.527
sap	2.527
conglycinin	2.527
coevolv	2.525
secretori	2.525
genbank	2.525
diagnost	2.523
cutin	2.523
terpenoid	2.52
plasmid	2.52
rkn	2.518
photosynth	2.514
hemibiotroph	2.514
mexico	2.514
inspect	2.514
anthesi	2.514
fourfold	2.514
hectar	2.514
southeast	2.514
behav	2.514
mismatch	2.514
delta	2.514
usitatissimum	2.514
thank	2.514
rd29a	2.514
lab	2.514
hyper	2.514
jatropha	2.514
viii	2.514
virguliform	2.514
tackl	2.514
chemistri	2.514
normfind	2.514
phenomena	2.514
phytopathogen	2.514
linum	2.514
emsa	2.514
cardiovascular	2.514
gold	2.514
log	2.514
domestica	2.514
pseudochromosom	2.514
consolid	2.514
remnant	2.514
flc	2.514
manihot	2.514
counter	2.514
biomerc	2.514
gigabas	2.514
modest	2.514
flourish	2.514
allo	2.514
galacturonosyltransferas	2.514
incap	2.514
axi	2.504
band	2.504
r1	2.5
pve	2.5
g1	2.5
crude	2.5
lima	2.5
summer	2.5
dirig	2.5
raffinos	2.5
hse	2.498
molecularli	2.498
facet	2.498
legaci	2.498
law	2.498
imposs	2.498
realist	2.498
resultsour	2.498
endosom	2.498
extraordinari	2.498
endosymbiot	2.498
prevail	2.498
aforement	2.498
ethephon	2.498
xenopu	2.498
enclos	2.498
aggress	2.498
reniformi	2.498
fascin	2.498
repen	2.498
inc	2.498
peg6000	2.498
understudi	2.498
logic	2.498
sharp	2.498
horizon	2.498
log2	2.498
leghemoglobin	2.498
facult	2.498
rotylenchulu	2.498
pentos	2.498
unmap	2.498
seemingli	2.498
vegetarian	2.498
vapor	2.498
sauc	2.498
vastli	2.498
undefin	2.498
congruent	2.498
pertain	2.498
vessel	2.498
word	2.498
blood	2.498
essex	2.498
committe	2.498
nced3	2.498
multidimension	2.498
sand	2.498
russia	2.498
peripher	2.498
confront	2.498
crt	2.498
wherebi	2.498
intellig	2.498
usher	2.498
contemporari	2.498
williams82	2.498
untap	2.498
unresolv	2.498
physiochem	2.498
unreport	2.498
conflict	2.498
criterion	2.498
eighti	2.498
monosaccharid	2.498
underestim	2.498
pilot	2.498
atlas	2.498
guidelin	2.498
galegoid	2.498
discrep	2.498
anhydras	2.498
denot	2.498
regist	2.498
displac	2.498
temporarili	2.498
opinion	2.498
guineensi	2.498
recurs	2.498
revis	2.498
testa	2.498
proxi	2.498
phosphotransf	2.498
text	2.498
itraq	2.498
cumbersom	2.498
defoli	2.498
stepwis	2.498
stream	2.498
spheric	2.498
dictat	2.498
mesorhizobium	2.498
pursu	2.498
glycinemax	2.498
messagethi	2.498
glycinea	2.498
destroy	2.498
merit	2.498
rewir	2.498
desorpt	2.498
melo	2.498
glimps	2.498
giant	2.498
kelch	2.498
syn	2.498
outbreak	2.498
purg	2.498
pinnata	2.498
descent	2.498
uncoupl	2.498
sphingolipid	2.498
iter	2.498
allohexaploid	2.498
calli	2.498
conclusionthes	2.498
resultstwo	2.498
plate	2.498
alarm	2.498
sixti	2.498
protein1	2.498
resultsthi	2.498
nowaday	2.498
pcf	2.498
trinucleotid	2.498
truli	2.498
ltd	2.498
bowman	2.498
drove	2.498
chs8	2.498
uncertain	2.498
paramount	2.498
nucleosom	2.498
ataf	2.498
indigest	2.498
coregul	2.498
photoprotect	2.498
defeat	2.498
hardli	2.498
theori	2.498
soysnp6k	2.498
fruitful	2.498
frontier	2.498
cotyledon1	2.498
heavier	2.498
copyright	2.498
somewhat	2.498
occasion	2.498
thrive	2.498
foster	2.498
held	2.498
lotus_japonicu	2.496
purpl	2.488
acetyltransferas	2.484
blup	2.484
humid	2.484
remobil	2.479
gm	2.477
isolin	2.47
aldehyd	2.469
carpel	2.469
wherein	2.469
malu	2.469
aminotransferas	2.469
camv	2.469
ca2	2.467
interactom	2.467
homeobox	2.467
cuticl	2.465
g2	2.457
pepper	2.457
cool	2.453
autonom	2.451
bpmv	2.447
matric	2.441
ft2a	2.434
ploidi	2.428
distort	2.428
heinong	2.426
gossypium_hirsutum	2.426
sn14	2.424
eti	2.424
depress	2.422
cn	2.418
rape	2.414
eastern	2.414
genistoid	2.414
chh	2.414
rps1	2.412
colour	2.408
ab	2.408
emiss	2.406
subclad	2.406
br	2.402
hpi	2.402
fw	2.4
clock	2.395
textur	2.395
asparagin	2.393
arsen	2.393
dehisc	2.39
cd	2.389
ester	2.385
contigu	2.385
photo	2.385
zigongdongd	2.385
pericycl	2.385
pangenom	2.385
potato	2.385
te	2.385
nitrat	2.383
c4	2.383
actin	2.383
piec	2.38
lipidom	2.38
zygot	2.38
bogao	2.38
river	2.38
caviti	2.38
diazoefficien	2.38
undomest	2.38
oldest	2.38
acetylserin	2.38
mathemat	2.38
damp	2.38
wang	2.38
housekeep	2.38
hydroxyisoflavanon	2.38
gate	2.38
photon	2.38
albumin	2.38
photomorphogen	2.38
night	2.38
forrest	2.373
sclerotiorum	2.373
reagent	2.371
black	2.37
gmft5a	2.367
garden	2.363
polygalacturonas	2.361
sugarcan	2.361
sort	2.36
phenom	2.354
grna	2.352
lysin	2.346
arg	2.344
co2	2.342
monolignol	2.342
soc1	2.342
disulfid	2.34
deleteri	2.338
snare	2.336
decarboxylas	2.334
phenolog	2.33
daf	2.33
trichom	2.33
flood	2.326
zh	2.324
iia	2.324
flavour	2.324
mold	2.324
vicia	2.324
pistil	2.324
plastidi	2.324
quench	2.324
